<?xml version = '1.0' encoding = 'UTF-8'?>
<Diagram class="oracle.dbtools.crest.swingui.logical.DPVLogical" name="Logical" id="C54FE254-DE89-3E1A-83CF-7FB571290FBF">
<createdBy>asus</createdBy>
<modifiedBy>asus</modifiedBy>
<createdTime>2024-09-01 20:13:59 UTC</createdTime>
<autoRoute>false</autoRoute>
<boxInbox>true</boxInbox>
<showLegend>false</showLegend>
<showLabels>false</showLabels>
<showRelAttributes>false</showRelAttributes>
<gridEnabled>false</gridEnabled>
<showGrid>false</showGrid>
<diagramColor>-1</diagramColor>
<display>false</display>
<notation>1</notation>
<objectViews>
<OView class="oracle.dbtools.crest.swingui.logical.TVEntity" oid="2C07ED1E-1BAF-00FF-8F27-0C5AD46DDD4C" otype="Entity" vid="B1193E02-22AD-5A2B-8AAB-70F8098304B7">
<hideElementsInCurrentOnly>false</hideElementsInCurrentOnly>
<bounds x="348" y="47" width="170" height="110"/>
</OView>
<OView class="oracle.dbtools.crest.swingui.logical.TVEntity" oid="4162E814-F10C-8051-0168-9702B8219EEF" otype="Entity" vid="B857992B-C86D-85F3-A0BE-FC85F401DB19">
<hideElementsInCurrentOnly>false</hideElementsInCurrentOnly>
<bounds x="623" y="238" width="170" height="110"/>
</OView>
<OView class="oracle.dbtools.crest.swingui.logical.TVEntity" oid="59344FE0-639C-3E4F-1AD6-F5C5A686E35B" otype="Entity" vid="111D4118-5306-E1DB-1C3F-2D3AB54E3B06">
<hideElementsInCurrentOnly>false</hideElementsInCurrentOnly>
<bounds x="924" y="238" width="174" height="88"/>
</OView>
<OView class="oracle.dbtools.crest.swingui.logical.TVEntity" oid="67930B33-868D-39CC-275B-A96C41307968" otype="Entity" vid="0858A8BE-95B3-BB0C-410D-BA3085F14C2E">
<hideElementsInCurrentOnly>false</hideElementsInCurrentOnly>
<bounds x="459" y="421" width="204" height="110"/>
</OView>
<OView class="oracle.dbtools.crest.swingui.logical.TVEntity" oid="A5C00E4F-C862-7518-59DF-5ACC2CAEF6F6" otype="Entity" vid="08588FC2-F7D4-D80F-2062-E3C2F729441A">
<hideElementsInCurrentOnly>false</hideElementsInCurrentOnly>
<bounds x="71" y="240" width="170" height="109"/>
</OView>
<OView class="oracle.dbtools.crest.swingui.logical.TVEntity" oid="CCF71999-EB4C-D4C9-8FEB-1EA684B1C97F" otype="Entity" vid="591EF8D3-0BBC-14B5-1C58-EB6A640B040E">
<hideElementsInCurrentOnly>false</hideElementsInCurrentOnly>
<bounds x="350" y="243" width="170" height="110"/>
</OView>
<OView class="oracle.dbtools.crest.swingui.logical.TVEntity" oid="D07A5275-C0BC-8095-B4BA-ADB7202366FB" otype="Entity" vid="2884828F-0B32-E691-DFD0-D9909B3885D8">
<hideElementsInCurrentOnly>false</hideElementsInCurrentOnly>
<bounds x="924" y="412" width="174" height="84"/>
</OView>
<OView class="oracle.dbtools.crest.swingui.logical.TVEntity" oid="D17A5FFA-E262-CE4B-BAC3-E8E4E2049340" otype="Entity" vid="C2F20046-3D1E-6FCF-D0EE-A837B859EE35">
<hideElementsInCurrentOnly>false</hideElementsInCurrentOnly>
<bounds x="915" y="62" width="194" height="470"/>
</OView>
<OView class="oracle.dbtools.crest.swingui.logical.TVEntity" oid="E6779D43-3543-7148-8225-B53A8B81887B" otype="Entity" vid="0F03AEF4-5E78-D1A3-D8BC-9C065B706309">
<hideElementsInCurrentOnly>false</hideElementsInCurrentOnly>
<bounds x="1189" y="215" width="212" height="121"/>
</OView>
</objectViews>
<connectors>
<Connector class="oracle.dbtools.crest.swingui.logical.TVRelation" oid="0CF56CCB-2512-875D-DD95-8E0D0ED6C80F" otype="Relation" vid_source="B857992B-C86D-85F3-A0BE-FC85F401DB19" vid_target="591EF8D3-0BBC-14B5-1C58-EB6A640B040E">
<hideElementsInCurrentOnly>false</hideElementsInCurrentOnly>
<backgroundColor>-16777216</backgroundColor>
<lineWidth>1</lineWidth>
<points>
<point x="623" y="295"/>
<point x="520" y="295"/>
</points>
</Connector>
<Connector class="oracle.dbtools.crest.swingui.logical.TVRelation" oid="0DAB3990-3B6D-B8DC-7E40-42C0E609E088" otype="Relation" vid_source="2884828F-0B32-E691-DFD0-D9909B3885D8" vid_target="0858A8BE-95B3-BB0C-410D-BA3085F14C2E">
<hideElementsInCurrentOnly>false</hideElementsInCurrentOnly>
<backgroundColor>-16777216</backgroundColor>
<lineWidth>1</lineWidth>
<points>
<point x="924" y="458"/>
<point x="663" y="458"/>
</points>
</Connector>
<Connector class="oracle.dbtools.crest.swingui.logical.TVInheritanceRelation" oid="30A61BE4-01BA-565D-ECC9-55C7FF5A870F" otype="Hierarchy relation" vid_source="C2F20046-3D1E-6FCF-D0EE-A837B859EE35" vid_target="2884828F-0B32-E691-DFD0-D9909B3885D8">
<hideElementsInCurrentOnly>false</hideElementsInCurrentOnly>
<backgroundColor>-65536</backgroundColor>
<lineWidth>1</lineWidth>
</Connector>
<Connector class="oracle.dbtools.crest.swingui.logical.TVRelation" oid="4BD3CCEF-D8D5-5120-262F-247A1C460E09" otype="Relation" vid_source="591EF8D3-0BBC-14B5-1C58-EB6A640B040E" vid_target="0858A8BE-95B3-BB0C-410D-BA3085F14C2E">
<hideElementsInCurrentOnly>false</hideElementsInCurrentOnly>
<backgroundColor>-16777216</backgroundColor>
<lineWidth>1</lineWidth>
<points>
<point x="489" y="353"/>
<point x="489" y="421"/>
</points>
</Connector>
<Connector class="oracle.dbtools.crest.swingui.logical.TVRelation" oid="B7E465AD-7193-E944-79E7-14540DE13557" otype="Relation" vid_source="B1193E02-22AD-5A2B-8AAB-70F8098304B7" vid_target="591EF8D3-0BBC-14B5-1C58-EB6A640B040E">
<hideElementsInCurrentOnly>false</hideElementsInCurrentOnly>
<backgroundColor>-16777216</backgroundColor>
<lineWidth>1</lineWidth>
<points>
<point x="434" y="157"/>
<point x="434" y="243"/>
</points>
</Connector>
<Connector class="oracle.dbtools.crest.swingui.logical.TVRelation" oid="C3F9AEF3-4105-FFB1-10DC-E32FB0E9A5F7" otype="Relation" vid_source="08588FC2-F7D4-D80F-2062-E3C2F729441A" vid_target="591EF8D3-0BBC-14B5-1C58-EB6A640B040E">
<hideElementsInCurrentOnly>false</hideElementsInCurrentOnly>
<backgroundColor>-16777216</backgroundColor>
<lineWidth>1</lineWidth>
<points>
<point x="241" y="296"/>
<point x="350" y="296"/>
</points>
</Connector>
<Connector class="oracle.dbtools.crest.swingui.logical.TVRelation" oid="CEFD09C1-5185-9947-3654-37C71AFBAB5C" otype="Relation" vid_source="111D4118-5306-E1DB-1C3F-2D3AB54E3B06" vid_target="B857992B-C86D-85F3-A0BE-FC85F401DB19">
<hideElementsInCurrentOnly>false</hideElementsInCurrentOnly>
<backgroundColor>-16777216</backgroundColor>
<lineWidth>1</lineWidth>
<points>
<point x="924" y="282"/>
<point x="793" y="282"/>
</points>
</Connector>
<Connector class="oracle.dbtools.crest.swingui.logical.TVRelation" oid="D61F5369-B76A-417D-0D1C-D23D67CBD5BC" otype="Relation" vid_source="0F03AEF4-5E78-D1A3-D8BC-9C065B706309" vid_target="C2F20046-3D1E-6FCF-D0EE-A837B859EE35">
<hideElementsInCurrentOnly>false</hideElementsInCurrentOnly>
<backgroundColor>-16777216</backgroundColor>
<lineWidth>1</lineWidth>
<points>
<point x="1189" y="275"/>
<point x="1109" y="275"/>
</points>
</Connector>
<Connector class="oracle.dbtools.crest.swingui.logical.TVRelation" oid="E720F732-A949-6B16-E46D-78EA41FC66B4" otype="Relation" vid_source="B1193E02-22AD-5A2B-8AAB-70F8098304B7" vid_target="C2F20046-3D1E-6FCF-D0EE-A837B859EE35">
<hideElementsInCurrentOnly>false</hideElementsInCurrentOnly>
<backgroundColor>-16777216</backgroundColor>
<lineWidth>1</lineWidth>
<points>
<point x="518" y="109"/>
<point x="915" y="109"/>
</points>
</Connector>
<Connector class="oracle.dbtools.crest.swingui.logical.TVRelation" oid="E9E18B60-EB20-F967-644A-DD20372B9863" otype="Relation" vid_source="B857992B-C86D-85F3-A0BE-FC85F401DB19" vid_target="0858A8BE-95B3-BB0C-410D-BA3085F14C2E">
<hideElementsInCurrentOnly>false</hideElementsInCurrentOnly>
<backgroundColor>-16777216</backgroundColor>
<lineWidth>1</lineWidth>
<points>
<point x="643" y="348"/>
<point x="643" y="421"/>
</points>
</Connector>
<Connector class="oracle.dbtools.crest.swingui.logical.TVInheritanceRelation" oid="F2641332-7E4F-B40D-FA84-E047AAE99939" otype="Hierarchy relation" vid_source="C2F20046-3D1E-6FCF-D0EE-A837B859EE35" vid_target="111D4118-5306-E1DB-1C3F-2D3AB54E3B06">
<hideElementsInCurrentOnly>false</hideElementsInCurrentOnly>
<backgroundColor>-65536</backgroundColor>
<lineWidth>1</lineWidth>
</Connector>
</connectors>
</Diagram>