<?xml version = '1.0' encoding = 'UTF-8'?>
<Entity class="oracle.dbtools.crest.model.design.logical.Entity" directorySegmentName="seg_0" id="4162E814-F10C-8051-0168-9702B8219EEF" name="BODEGA">
<createdBy>asus</createdBy>
<createdTime>2024-09-01 20:26:00 UTC</createdTime>
<ownerDesignName>Modelo de Barker</ownerDesignName>
<engineerTo>
<item key="8FCDEC73-76D7-BAE7-FA50-BC97FB51E21E" value="true"/>
</engineerTo>
<adequatelyNormalized>NO</adequatelyNormalized>
<expectedVolumes>0</expectedVolumes>
<fwdEngineeringStrategyName>Single Table</fwdEngineeringStrategyName>
<growthPercent>0</growthPercent>
<growthType>Year</growthType>
<maxVolumes>9999999</maxVolumes>
<minVolumes>0</minVolumes>
<normalForm>Third</normalForm>
<attributes itemClass="oracle.dbtools.crest.model.design.logical.Attribute">
<Attribute name="Id" id="50E0807C-288E-87F0-3147-D170798C2031">
<createdBy>asus</createdBy>
<createdTime>2024-09-01 20:26:05 UTC</createdTime>
<ownerDesignName>Modelo de Barker</ownerDesignName>
<engineerTo>
<item key="8FCDEC73-76D7-BAE7-FA50-BC97FB51E21E" value="true"/>
</engineerTo>
<useDomainConstraints>false</useDomainConstraints>
<use>1</use>
<logicalDatatype>A3A3C77D-0366-9768-FF89-1C25E56881C8</logicalDatatype>
<ownDataTypeParameters>,,</ownDataTypeParameters>
</Attribute>
<Attribute name="Nombre" id="5DDF3433-C4AD-51FA-DCAE-080FF34A1B8F">
<createdBy>asus</createdBy>
<createdTime>2024-09-01 20:26:23 UTC</createdTime>
<ownerDesignName>Modelo de Barker</ownerDesignName>
<engineerTo>
<item key="8FCDEC73-76D7-BAE7-FA50-BC97FB51E21E" value="true"/>
</engineerTo>
<useDomainConstraints>false</useDomainConstraints>
<use>1</use>
<logicalDatatype>A3A3C77D-0366-9768-FF89-1C25E56881C8</logicalDatatype>
<ownDataTypeParameters>,,</ownDataTypeParameters>
</Attribute>
<Attribute name="Tamanio_metros" id="B0D4F6C0-EAE8-93D5-25F5-440DFDEFB558">
<createdBy>asus</createdBy>
<createdTime>2024-09-01 20:26:35 UTC</createdTime>
<ownerDesignName>Modelo de Barker</ownerDesignName>
<engineerTo>
<item key="8FCDEC73-76D7-BAE7-FA50-BC97FB51E21E" value="true"/>
</engineerTo>
<useDomainConstraints>false</useDomainConstraints>
<use>1</use>
<logicalDatatype>LOGDT021</logicalDatatype>
<ownDataTypeParameters>,,</ownDataTypeParameters>
</Attribute>
<Attribute name="Capacidad" id="244C4A9C-B47B-2F0C-2D7A-8808997E32E1">
<createdBy>asus</createdBy>
<createdTime>2024-09-01 20:26:48 UTC</createdTime>
<ownerDesignName>Modelo de Barker</ownerDesignName>
<engineerTo>
<item key="8FCDEC73-76D7-BAE7-FA50-BC97FB51E21E" value="true"/>
</engineerTo>
<useDomainConstraints>false</useDomainConstraints>
<use>1</use>
<logicalDatatype>LOGDT011</logicalDatatype>
<ownDataTypeParameters>,,</ownDataTypeParameters>
</Attribute>
<Attribute name="Id1" id="40033E6A-2385-748C-2102-9DBBBA036316">
<createdBy>asus</createdBy>
<createdTime>2024-09-01 20:54:22 UTC</createdTime>
<generatorID>0CF56CCB-2512-875D-DD95-8E0D0ED6C80F</generatorID>
<ownerDesignName>Modelo de Barker</ownerDesignName>
<engineerTo>
<item key="8FCDEC73-76D7-BAE7-FA50-BC97FB51E21E" value="true"/>
</engineerTo>
<referedAttribute>9C8F7320-FF09-FF12-4720-C06F26F41085</referedAttribute>
<use>0</use>
<ownDataTypeParameters>,,</ownDataTypeParameters>
</Attribute>
</attributes>
<identifiers itemClass="oracle.dbtools.crest.model.design.logical.CandidateKey">
<identifier id="4720B0F7-11B7-6AB6-0789-D1CF19E790F3" name="BODEGA PK">
<createdBy>asus</createdBy>
<createdTime>2024-09-01 20:26:22 UTC</createdTime>
<ownerDesignName>Modelo de Barker</ownerDesignName>
<engineerTo>
<item key="8FCDEC73-76D7-BAE7-FA50-BC97FB51E21E" value="true"/>
</engineerTo>
<pk>true</pk>
<usedAttributes>
<attributeRef>50E0807C-288E-87F0-3147-D170798C2031</attributeRef>
</usedAttributes>
</identifier>
</identifiers>
</Entity>