<?xml version = '1.0' encoding = 'UTF-8'?>
<Entity class="oracle.dbtools.crest.model.design.logical.Entity" directorySegmentName="seg_0" id="CCF71999-EB4C-D4C9-8FEB-1EA684B1C97F" name="SUCURSAL">
<createdBy>asus</createdBy>
<createdTime>2024-09-01 20:17:21 UTC</createdTime>
<ownerDesignName>Modelo de Barker</ownerDesignName>
<engineerTo>
<item key="8FCDEC73-76D7-BAE7-FA50-BC97FB51E21E" value="true"/>
</engineerTo>
<adequatelyNormalized>NO</adequatelyNormalized>
<expectedVolumes>0</expectedVolumes>
<fwdEngineeringStrategyName>Single Table</fwdEngineeringStrategyName>
<growthPercent>0</growthPercent>
<growthType>Year</growthType>
<maxVolumes>9999999</maxVolumes>
<minVolumes>0</minVolumes>
<normalForm>Third</normalForm>
<attributes itemClass="oracle.dbtools.crest.model.design.logical.Attribute">
<Attribute name="Id" id="9C8F7320-FF09-FF12-4720-C06F26F41085">
<createdBy>asus</createdBy>
<createdTime>2024-09-01 20:17:28 UTC</createdTime>
<ownerDesignName>Modelo de Barker</ownerDesignName>
<engineerTo>
<item key="8FCDEC73-76D7-BAE7-FA50-BC97FB51E21E" value="true"/>
</engineerTo>
<use>0</use>
<ownDataTypeParameters>,,</ownDataTypeParameters>
</Attribute>
<Attribute name="Nombre" id="3B919102-B6CB-5F81-8283-67667125D808">
<createdBy>asus</createdBy>
<createdTime>2024-09-01 20:17:35 UTC</createdTime>
<ownerDesignName>Modelo de Barker</ownerDesignName>
<engineerTo>
<item key="8FCDEC73-76D7-BAE7-FA50-BC97FB51E21E" value="true"/>
</engineerTo>
<useDomainConstraints>false</useDomainConstraints>
<use>1</use>
<logicalDatatype>A3A3C77D-0366-9768-FF89-1C25E56881C8</logicalDatatype>
<ownDataTypeParameters>,,</ownDataTypeParameters>
</Attribute>
<Attribute name="Tamanio_metros" id="2BE96137-0E35-6537-81E7-9FF5477A7894">
<createdBy>asus</createdBy>
<createdTime>2024-09-01 20:17:41 UTC</createdTime>
<ownerDesignName>Modelo de Barker</ownerDesignName>
<engineerTo>
<item key="8FCDEC73-76D7-BAE7-FA50-BC97FB51E21E" value="true"/>
</engineerTo>
<useDomainConstraints>false</useDomainConstraints>
<use>1</use>
<logicalDatatype>LOGDT021</logicalDatatype>
<ownDataTypeParameters>,,</ownDataTypeParameters>
</Attribute>
<Attribute name="Telefono" id="ECC082FE-760C-EBE6-F8C0-7A70F5F813ED">
<createdBy>asus</createdBy>
<createdTime>2024-09-01 20:17:54 UTC</createdTime>
<ownerDesignName>Modelo de Barker</ownerDesignName>
<engineerTo>
<item key="8FCDEC73-76D7-BAE7-FA50-BC97FB51E21E" value="true"/>
</engineerTo>
<useDomainConstraints>false</useDomainConstraints>
<use>1</use>
<logicalDatatype>LOGDT011</logicalDatatype>
<ownDataTypeParameters>,,</ownDataTypeParameters>
</Attribute>
<Attribute name="Direccion" id="4B8D2020-751B-3A5D-50F5-906B49A942CD">
<createdBy>asus</createdBy>
<createdTime>2024-09-01 20:18:02 UTC</createdTime>
<ownerDesignName>Modelo de Barker</ownerDesignName>
<engineerTo>
<item key="8FCDEC73-76D7-BAE7-FA50-BC97FB51E21E" value="true"/>
</engineerTo>
<useDomainConstraints>false</useDomainConstraints>
<use>1</use>
<logicalDatatype>A3A3C77D-0366-9768-FF89-1C25E56881C8</logicalDatatype>
<ownDataTypeParameters>,,</ownDataTypeParameters>
</Attribute>
<Attribute name="Codigo" id="4277197D-D811-C6E6-48C9-7585D236016D">
<createdBy>asus</createdBy>
<createdTime>2024-09-01 21:30:03 UTC</createdTime>
<generatorID>C3F9AEF3-4105-FFB1-10DC-E32FB0E9A5F7</generatorID>
<ownerDesignName>Modelo de Barker</ownerDesignName>
<engineerTo>
<item key="8FCDEC73-76D7-BAE7-FA50-BC97FB51E21E" value="true"/>
</engineerTo>
<referedAttribute>9274FFF2-883A-0C03-F89A-0F4ACBE795B6</referedAttribute>
<use>1</use>
<logicalDatatype>A3A3C77D-0366-9768-FF89-1C25E56881C8</logicalDatatype>
<ownDataTypeParameters>,,</ownDataTypeParameters>
</Attribute>
</attributes>
<identifiers itemClass="oracle.dbtools.crest.model.design.logical.CandidateKey">
<identifier id="02FDA62F-1BFA-7D45-9FD0-089ADD8F72A6" name="SUCURSAL PK">
<createdBy>asus</createdBy>
<createdTime>2024-09-01 20:19:11 UTC</createdTime>
<ownerDesignName>Modelo de Barker</ownerDesignName>
<engineerTo>
<item key="8FCDEC73-76D7-BAE7-FA50-BC97FB51E21E" value="true"/>
</engineerTo>
<pk>true</pk>
<usedAttributes>
<attributeRef>9C8F7320-FF09-FF12-4720-C06F26F41085</attributeRef>
</usedAttributes>
</identifier>
</identifiers>
</Entity>