<?xml version = '1.0' encoding = 'UTF-8'?>
<Entity class="oracle.dbtools.crest.model.design.logical.Entity" directorySegmentName="seg_0" id="D17A5FFA-E262-CE4B-BAC3-E8E4E2049340" name="PRODUCTO">
<createdBy>asus</createdBy>
<createdTime>2024-09-01 20:27:19 UTC</createdTime>
<ownerDesignName>Modelo de Barker</ownerDesignName>
<engineerTo>
<item key="8FCDEC73-76D7-BAE7-FA50-BC97FB51E21E" value="true"/>
</engineerTo>
<adequatelyNormalized>NO</adequatelyNormalized>
<expectedVolumes>0</expectedVolumes>
<fwdEngineeringStrategyName>Single Table</fwdEngineeringStrategyName>
<growthPercent>0</growthPercent>
<growthType>Year</growthType>
<maxVolumes>9999999</maxVolumes>
<minVolumes>0</minVolumes>
<normalForm>Third</normalForm>
<attributes itemClass="oracle.dbtools.crest.model.design.logical.Attribute">
<Attribute name="Codigo_barras" id="F08C9123-9D87-BFA2-DE49-B760F456DECA">
<createdBy>asus</createdBy>
<createdTime>2024-09-01 20:27:57 UTC</createdTime>
<ownerDesignName>Modelo de Barker</ownerDesignName>
<engineerTo>
<item key="8FCDEC73-76D7-BAE7-FA50-BC97FB51E21E" value="true"/>
</engineerTo>
<useDomainConstraints>false</useDomainConstraints>
<use>1</use>
<logicalDatatype>A3A3C77D-0366-9768-FF89-1C25E56881C8</logicalDatatype>
<ownDataTypeParameters>,,</ownDataTypeParameters>
</Attribute>
<Attribute name="Nombre" id="03C2801B-B7A9-CAF5-963A-A90766B97814">
<createdBy>asus</createdBy>
<createdTime>2024-09-01 20:27:28 UTC</createdTime>
<ownerDesignName>Modelo de Barker</ownerDesignName>
<engineerTo>
<item key="8FCDEC73-76D7-BAE7-FA50-BC97FB51E21E" value="true"/>
</engineerTo>
<useDomainConstraints>false</useDomainConstraints>
<use>1</use>
<logicalDatatype>A3A3C77D-0366-9768-FF89-1C25E56881C8</logicalDatatype>
<ownDataTypeParameters>,,</ownDataTypeParameters>
</Attribute>
<Attribute name="Costo_bodega" id="CA5532D8-A5D2-E23A-79FA-1D7576FA4616">
<createdBy>asus</createdBy>
<createdTime>2024-09-01 20:31:48 UTC</createdTime>
<ownerDesignName>Modelo de Barker</ownerDesignName>
<engineerTo>
<item key="8FCDEC73-76D7-BAE7-FA50-BC97FB51E21E" value="true"/>
</engineerTo>
<useDomainConstraints>false</useDomainConstraints>
<use>1</use>
<logicalDatatype>LOGDT043</logicalDatatype>
<ownDataTypeParameters>,,</ownDataTypeParameters>
</Attribute>
<Attribute name="Precio_unitario_deVenta" id="ECEA40E6-B6B1-5E38-5CFA-5508A73D0DE1">
<createdBy>asus</createdBy>
<createdTime>2024-09-01 20:35:09 UTC</createdTime>
<ownerDesignName>Modelo de Barker</ownerDesignName>
<engineerTo>
<item key="8FCDEC73-76D7-BAE7-FA50-BC97FB51E21E" value="true"/>
</engineerTo>
<useDomainConstraints>false</useDomainConstraints>
<use>1</use>
<logicalDatatype>LOGDT043</logicalDatatype>
<ownDataTypeParameters>,,</ownDataTypeParameters>
</Attribute>
<Attribute name="Presentacion" id="CEEA9CDD-BBDC-B1C2-F02E-664AEBA8317E">
<createdBy>asus</createdBy>
<createdTime>2024-09-01 20:36:12 UTC</createdTime>
<ownerDesignName>Modelo de Barker</ownerDesignName>
<engineerTo>
<item key="8FCDEC73-76D7-BAE7-FA50-BC97FB51E21E" value="true"/>
</engineerTo>
<useDomainConstraints>false</useDomainConstraints>
<use>1</use>
<logicalDatatype>A3A3C77D-0366-9768-FF89-1C25E56881C8</logicalDatatype>
<ownDataTypeParameters>,,</ownDataTypeParameters>
</Attribute>
<Attribute name="Cantidad_presentacion" id="B23257B0-866D-E571-FE95-9B9FE8AEB7D2">
<createdBy>asus</createdBy>
<createdTime>2024-09-01 20:36:21 UTC</createdTime>
<ownerDesignName>Modelo de Barker</ownerDesignName>
<engineerTo>
<item key="8FCDEC73-76D7-BAE7-FA50-BC97FB51E21E" value="true"/>
</engineerTo>
<useDomainConstraints>false</useDomainConstraints>
<use>1</use>
<logicalDatatype>A3A3C77D-0366-9768-FF89-1C25E56881C8</logicalDatatype>
<ownDataTypeParameters>,,</ownDataTypeParameters>
</Attribute>
<Attribute name="Unidad_medida" id="C6256204-2F6F-A9AC-CC06-C66B6D702F6C">
<createdBy>asus</createdBy>
<createdTime>2024-09-01 20:37:18 UTC</createdTime>
<ownerDesignName>Modelo de Barker</ownerDesignName>
<engineerTo>
<item key="8FCDEC73-76D7-BAE7-FA50-BC97FB51E21E" value="true"/>
</engineerTo>
<useDomainConstraints>false</useDomainConstraints>
<use>1</use>
<logicalDatatype>A3A3C77D-0366-9768-FF89-1C25E56881C8</logicalDatatype>
<ownDataTypeParameters>,,</ownDataTypeParameters>
</Attribute>
<Attribute name="Especificacion_empacado" id="DAF04059-37A8-ACDA-356F-03B85E31C1D1">
<createdBy>asus</createdBy>
<createdTime>2024-09-01 20:37:28 UTC</createdTime>
<ownerDesignName>Modelo de Barker</ownerDesignName>
<engineerTo>
<item key="8FCDEC73-76D7-BAE7-FA50-BC97FB51E21E" value="true"/>
</engineerTo>
<useDomainConstraints>false</useDomainConstraints>
<use>1</use>
<logicalDatatype>A3A3C77D-0366-9768-FF89-1C25E56881C8</logicalDatatype>
<ownDataTypeParameters>,,</ownDataTypeParameters>
</Attribute>
<Attribute name="Fecha_expiracion" id="DF87C64A-8EC9-4103-48F4-A9E39E25568D">
<createdBy>asus</createdBy>
<createdTime>2024-09-01 20:37:42 UTC</createdTime>
<ownerDesignName>Modelo de Barker</ownerDesignName>
<engineerTo>
<item key="8FCDEC73-76D7-BAE7-FA50-BC97FB51E21E" value="true"/>
</engineerTo>
<useDomainConstraints>false</useDomainConstraints>
<use>1</use>
<logicalDatatype>LOGDT007</logicalDatatype>
<ownDataTypeParameters>,,</ownDataTypeParameters>
</Attribute>
<Attribute name="Id" id="BA295C4E-1D34-6202-D48D-9A3E2BDACFF4">
<createdBy>asus</createdBy>
<createdTime>2024-09-01 20:56:00 UTC</createdTime>
<generatorID>D61F5369-B76A-417D-0D1C-D23D67CBD5BC</generatorID>
<ownerDesignName>Modelo de Barker</ownerDesignName>
<engineerTo>
<item key="8FCDEC73-76D7-BAE7-FA50-BC97FB51E21E" value="true"/>
</engineerTo>
<referedAttribute>CBADF123-46A1-06C6-80D7-E26834D6AFBB</referedAttribute>
<useDomainConstraints>false</useDomainConstraints>
<use>1</use>
<logicalDatatype>A3A3C77D-0366-9768-FF89-1C25E56881C8</logicalDatatype>
<ownDataTypeParameters>,,</ownDataTypeParameters>
</Attribute>
<Attribute name="Codigo" id="F4EB88C1-ED65-14D5-9C86-8EC0ABD69B63">
<createdBy>asus</createdBy>
<createdTime>2024-09-01 20:56:00 UTC</createdTime>
<generatorID>D61F5369-B76A-417D-0D1C-D23D67CBD5BC</generatorID>
<ownerDesignName>Modelo de Barker</ownerDesignName>
<engineerTo>
<item key="8FCDEC73-76D7-BAE7-FA50-BC97FB51E21E" value="true"/>
</engineerTo>
<referedAttribute>B06AFDDB-9E48-0F28-022D-705DF5B90E99</referedAttribute>
<useDomainConstraints>false</useDomainConstraints>
<use>1</use>
<logicalDatatype>A3A3C77D-0366-9768-FF89-1C25E56881C8</logicalDatatype>
<ownDataTypeParameters>,,</ownDataTypeParameters>
</Attribute>
</attributes>
<identifiers itemClass="oracle.dbtools.crest.model.design.logical.CandidateKey">
<identifier id="D59A3F50-6B16-01F5-C5C8-DA74ED264F89" name="PRODUCTO PK">
<createdBy>asus</createdBy>
<createdTime>2024-09-01 20:31:46 UTC</createdTime>
<ownerDesignName>Modelo de Barker</ownerDesignName>
<engineerTo>
<item key="8FCDEC73-76D7-BAE7-FA50-BC97FB51E21E" value="true"/>
</engineerTo>
<pk>true</pk>
<usedAttributes>
<attributeRef>F08C9123-9D87-BFA2-DE49-B760F456DECA</attributeRef>
</usedAttributes>
</identifier>
</identifiers>
</Entity>