<?xml version = '1.0' encoding = 'UTF-8'?>
<relationalModel class="oracle.dbtools.crest.model.design.relational.RelationalDesign" name="Relational_1" id="8FCDEC73-76D7-BAE7-FA50-BC97FB51E21E" mainViewID="863D28DE-086B-65BB-C507-BF324D3BC7FE">
<createdBy>asus</createdBy>
<createdTime>2024-09-01 20:11:21 UTC</createdTime>
<ownerDesignName>Modelo de Barker</ownerDesignName>
<shouldBeOpen>false</shouldBeOpen>
<selectedRDBMSSite>32076570-2523-435C-2E92-BF29817DFF70</selectedRDBMSSite>
</relationalModel>