<?xml version = '1.0' encoding = 'UTF-8'?>
<relationalModel class="oracle.dbtools.crest.model.design.relational.RelationalDesign" name="Relational_1" id="116CC136-D0B6-1183-38CE-8A1F493A5DE0" mainViewID="07B8C435-8FC7-4B0E-0CDC-2D4ACCCF5E46">
<createdBy>USER</createdBy>
<createdTime>2024-09-30 22:52:53 UTC</createdTime>
<ownerDesignName>Proyecto-Entrega2</ownerDesignName>
<shouldBeOpen>false</shouldBeOpen>
<selectedRDBMSSite>32076570-2523-435C-2E92-BF29817DFF70</selectedRDBMSSite>
</relationalModel>