<?xml version = '1.0' encoding = 'UTF-8'?>
<Entity class="oracle.dbtools.crest.model.design.logical.Entity" directorySegmentName="seg_0" id="344C431D-E41B-9233-7F17-03E41F304840" name="ORDEN DE COMPRA">
<createdBy>USER</createdBy>
<createdTime>2024-09-30 22:56:15 UTC</createdTime>
<ownerDesignName>Proyecto-Entrega2</ownerDesignName>
<engineerTo>
<item key="116CC136-D0B6-1183-38CE-8A1F493A5DE0" value="true"/>
</engineerTo>
<adequatelyNormalized>NO</adequatelyNormalized>
<expectedVolumes>0</expectedVolumes>
<fwdEngineeringStrategyName>Single Table</fwdEngineeringStrategyName>
<growthPercent>0</growthPercent>
<growthType>Year</growthType>
<maxVolumes>9999999</maxVolumes>
<minVolumes>0</minVolumes>
<normalForm>Third</normalForm>
<attributes itemClass="oracle.dbtools.crest.model.design.logical.Attribute">
<Attribute name="Id" id="961C8C86-4AE0-0EC2-8E2C-7C6FF3F6D479">
<createdBy>USER</createdBy>
<createdTime>2024-09-30 22:56:22 UTC</createdTime>
<ownerDesignName>Proyecto-Entrega2</ownerDesignName>
<engineerTo>
<item key="116CC136-D0B6-1183-38CE-8A1F493A5DE0" value="true"/>
</engineerTo>
<use>0</use>
<ownDataTypeParameters>,,</ownDataTypeParameters>
</Attribute>
<Attribute name="Estado" id="65474168-2672-9C3F-8395-40BB17366D6C">
<createdBy>USER</createdBy>
<createdTime>2024-09-30 22:56:35 UTC</createdTime>
<ownerDesignName>Proyecto-Entrega2</ownerDesignName>
<engineerTo>
<item key="116CC136-D0B6-1183-38CE-8A1F493A5DE0" value="true"/>
</engineerTo>
<use>0</use>
<ownDataTypeParameters>,,</ownDataTypeParameters>
</Attribute>
<Attribute name="Fecha_creacion" id="A9F3279E-C8CA-35C4-17E4-7BE420B74952">
<createdBy>USER</createdBy>
<createdTime>2024-09-30 22:57:46 UTC</createdTime>
<ownerDesignName>Proyecto-Entrega2</ownerDesignName>
<engineerTo>
<item key="116CC136-D0B6-1183-38CE-8A1F493A5DE0" value="true"/>
</engineerTo>
<use>0</use>
<ownDataTypeParameters>,,</ownDataTypeParameters>
</Attribute>
<Attribute name="Fecha_entrega" id="164F206A-1A82-3A32-2959-28E9EDB89BB5">
<createdBy>USER</createdBy>
<createdTime>2024-09-30 22:56:28 UTC</createdTime>
<ownerDesignName>Proyecto-Entrega2</ownerDesignName>
<engineerTo>
<item key="116CC136-D0B6-1183-38CE-8A1F493A5DE0" value="true"/>
</engineerTo>
<use>0</use>
<ownDataTypeParameters>,,</ownDataTypeParameters>
</Attribute>
<Attribute name="Nit" id="B6D13AEC-8CCE-D953-3050-526EE6F36FBB">
<createdBy>USER</createdBy>
<createdTime>2024-09-30 23:21:47 UTC</createdTime>
<generatorID>F67FB4BB-2183-CE7E-5723-8DBE83BDD971</generatorID>
<ownerDesignName>Proyecto-Entrega2</ownerDesignName>
<engineerTo>
<item key="116CC136-D0B6-1183-38CE-8A1F493A5DE0" value="true"/>
</engineerTo>
<referedAttribute>B74307AA-FA46-0A81-A671-D235FADFF11C</referedAttribute>
<use>0</use>
<ownDataTypeParameters>,,</ownDataTypeParameters>
</Attribute>
<Attribute name="Id1" id="7A63206C-FCEA-21B3-55E0-A2033423AB6C">
<createdBy>USER</createdBy>
<createdTime>2024-09-30 23:22:01 UTC</createdTime>
<generatorID>E131E830-F587-2842-A48F-5DCC3728524B</generatorID>
<ownerDesignName>Proyecto-Entrega2</ownerDesignName>
<engineerTo>
<item key="116CC136-D0B6-1183-38CE-8A1F493A5DE0" value="true"/>
</engineerTo>
<referedAttribute>18B8D7C4-0FD9-6997-78E9-039FA3522053</referedAttribute>
<use>0</use>
<ownDataTypeParameters>,,</ownDataTypeParameters>
</Attribute>
</attributes>
<identifiers itemClass="oracle.dbtools.crest.model.design.logical.CandidateKey">
<identifier id="BDC1BB61-3EE2-B480-848F-87106678E834" name="BODEGA PK">
<createdBy>USER</createdBy>
<createdTime>2024-09-30 22:56:26 UTC</createdTime>
<ownerDesignName>Proyecto-Entrega2</ownerDesignName>
<engineerTo>
<item key="116CC136-D0B6-1183-38CE-8A1F493A5DE0" value="true"/>
</engineerTo>
<pk>true</pk>
<usedAttributes>
<attributeRef>961C8C86-4AE0-0EC2-8E2C-7C6FF3F6D479</attributeRef>
</usedAttributes>
</identifier>
</identifiers>
</Entity>