<?xml version = '1.0' encoding = 'UTF-8'?>
<Entity class="oracle.dbtools.crest.model.design.logical.Entity" directorySegmentName="seg_0" id="3F7CF090-284E-1AE0-ACA4-E40F89FF2682" name="INFO EXTRA BODEGA">
<createdBy>USER</createdBy>
<createdTime>2024-09-30 23:06:17 UTC</createdTime>
<ownerDesignName>Proyecto-Entrega2</ownerDesignName>
<engineerTo>
<item key="116CC136-D0B6-1183-38CE-8A1F493A5DE0" value="true"/>
</engineerTo>
<adequatelyNormalized>NO</adequatelyNormalized>
<expectedVolumes>0</expectedVolumes>
<fwdEngineeringStrategyName>Single Table</fwdEngineeringStrategyName>
<growthPercent>0</growthPercent>
<growthType>Year</growthType>
<maxVolumes>9999999</maxVolumes>
<minVolumes>0</minVolumes>
<normalForm>Third</normalForm>
<attributes itemClass="oracle.dbtools.crest.model.design.logical.Attribute">
<Attribute name="Nivel_minimo_reorden" id="7ADFD578-F8BE-5A01-DC1E-7743B8492EAA">
<createdBy>USER</createdBy>
<createdTime>2024-09-30 23:06:30 UTC</createdTime>
<ownerDesignName>Proyecto-Entrega2</ownerDesignName>
<engineerTo>
<item key="116CC136-D0B6-1183-38CE-8A1F493A5DE0" value="true"/>
</engineerTo>
<use>0</use>
<ownDataTypeParameters>,,</ownDataTypeParameters>
</Attribute>
<Attribute name="Capacidad_almacencamiento" id="83174AB7-6A1E-DC92-1324-2A32E22B6EC5">
<createdBy>USER</createdBy>
<createdTime>2024-09-30 23:06:43 UTC</createdTime>
<ownerDesignName>Proyecto-Entrega2</ownerDesignName>
<engineerTo>
<item key="116CC136-D0B6-1183-38CE-8A1F493A5DE0" value="true"/>
</engineerTo>
<use>0</use>
<ownDataTypeParameters>,,</ownDataTypeParameters>
</Attribute>
<Attribute name="Costo_bodega" id="D0A0CBF7-8390-221F-25FC-5CC509D0D1BF">
<createdBy>USER</createdBy>
<createdTime>2024-09-30 23:06:55 UTC</createdTime>
<ownerDesignName>Proyecto-Entrega2</ownerDesignName>
<engineerTo>
<item key="116CC136-D0B6-1183-38CE-8A1F493A5DE0" value="true"/>
</engineerTo>
<use>0</use>
<ownDataTypeParameters>,,</ownDataTypeParameters>
</Attribute>
<Attribute name="Total_existencias" id="DB169880-9A5B-95D1-971C-4959C382663A">
<createdBy>USER</createdBy>
<createdTime>2024-09-30 23:07:07 UTC</createdTime>
<ownerDesignName>Proyecto-Entrega2</ownerDesignName>
<engineerTo>
<item key="116CC136-D0B6-1183-38CE-8A1F493A5DE0" value="true"/>
</engineerTo>
<use>0</use>
<ownDataTypeParameters>,,</ownDataTypeParameters>
</Attribute>
<Attribute name="Costo_promedio" id="E79D6745-87C2-06F9-FA9D-088604361A97">
<createdBy>USER</createdBy>
<createdTime>2024-09-30 23:07:17 UTC</createdTime>
<ownerDesignName>Proyecto-Entrega2</ownerDesignName>
<engineerTo>
<item key="116CC136-D0B6-1183-38CE-8A1F493A5DE0" value="true"/>
</engineerTo>
<use>0</use>
<ownDataTypeParameters>,,</ownDataTypeParameters>
</Attribute>
<Attribute name="Id" id="A6D6E608-3F92-C1A5-C082-E1557D9EFB99">
<createdBy>USER</createdBy>
<createdTime>2024-09-30 23:19:37 UTC</createdTime>
<generatorID>AEDA1077-E22D-B3CA-9367-2CB0614CE74C</generatorID>
<ownerDesignName>Proyecto-Entrega2</ownerDesignName>
<engineerTo>
<item key="116CC136-D0B6-1183-38CE-8A1F493A5DE0" value="true"/>
</engineerTo>
<referedAttribute>434EFC86-D3ED-95E4-8930-EA7525EBEDD7</referedAttribute>
<use>0</use>
<ownDataTypeParameters>,,</ownDataTypeParameters>
</Attribute>
<Attribute name="Codigo_barras" id="977EA1C7-55DF-3F77-6C5F-A252A1ED989F">
<createdBy>USER</createdBy>
<createdTime>2024-09-30 23:19:47 UTC</createdTime>
<generatorID>94C6C4E5-4720-C82B-0D9C-D47685BB1D40</generatorID>
<ownerDesignName>Proyecto-Entrega2</ownerDesignName>
<engineerTo>
<item key="116CC136-D0B6-1183-38CE-8A1F493A5DE0" value="true"/>
</engineerTo>
<referedAttribute>6CB503D8-3FF2-76CB-C2E6-800DF5BF5717</referedAttribute>
<use>0</use>
<ownDataTypeParameters>,,</ownDataTypeParameters>
</Attribute>
</attributes>
<identifiers itemClass="oracle.dbtools.crest.model.design.logical.CandidateKey">
<identifier id="205F0096-397D-3017-4AED-7F2CE16F49A1" name="INFO EXTRA BODEGA PK">
<createdBy>USER</createdBy>
<createdTime>2024-09-30 23:19:37 UTC</createdTime>
<ownerDesignName>Proyecto-Entrega2</ownerDesignName>
<engineerTo>
<item key="116CC136-D0B6-1183-38CE-8A1F493A5DE0" value="true"/>
</engineerTo>
<pk>true</pk>
<usedAttributes>
<attributeRef>A6D6E608-3F92-C1A5-C082-E1557D9EFB99</attributeRef>
<attributeRef>977EA1C7-55DF-3F77-6C5F-A252A1ED989F</attributeRef>
</usedAttributes>
</identifier>
</identifiers>
</Entity>