<?xml version = '1.0' encoding = 'UTF-8'?>
<Entity class="oracle.dbtools.crest.model.design.logical.Entity" directorySegmentName="seg_0" id="459AB30F-8BD8-0E91-6911-B3DCBC0E8101" name="RECEPCION DE PRODUCTO">
<createdBy>USER</createdBy>
<createdTime>2024-09-30 23:01:13 UTC</createdTime>
<ownerDesignName>Proyecto-Entrega2</ownerDesignName>
<engineerTo>
<item key="116CC136-D0B6-1183-38CE-8A1F493A5DE0" value="true"/>
</engineerTo>
<adequatelyNormalized>NO</adequatelyNormalized>
<expectedVolumes>0</expectedVolumes>
<fwdEngineeringStrategyName>Single Table</fwdEngineeringStrategyName>
<growthPercent>0</growthPercent>
<growthType>Year</growthType>
<maxVolumes>9999999</maxVolumes>
<minVolumes>0</minVolumes>
<normalForm>Third</normalForm>
<attributes itemClass="oracle.dbtools.crest.model.design.logical.Attribute">
<Attribute name="Id" id="203AAC2B-4A50-F448-497B-9F515F2CCA18">
<createdBy>USER</createdBy>
<createdTime>2024-09-30 23:01:13 UTC</createdTime>
<ownerDesignName>Proyecto-Entrega2</ownerDesignName>
<engineerTo>
<item key="116CC136-D0B6-1183-38CE-8A1F493A5DE0" value="true"/>
</engineerTo>
<use>0</use>
<ownDataTypeParameters>,,</ownDataTypeParameters>
</Attribute>
<Attribute name="Fecha_recepcion" id="642B1D6D-5525-A96D-A75E-E9DBB9C0EE27">
<createdBy>USER</createdBy>
<createdTime>2024-09-30 23:01:13 UTC</createdTime>
<ownerDesignName>Proyecto-Entrega2</ownerDesignName>
<engineerTo>
<item key="116CC136-D0B6-1183-38CE-8A1F493A5DE0" value="true"/>
</engineerTo>
<use>0</use>
<ownDataTypeParameters>,,</ownDataTypeParameters>
</Attribute>
<Attribute name="Id1" id="3A551B62-5F1C-1221-9E38-38A4A28C473E">
<createdBy>USER</createdBy>
<createdTime>2024-09-30 23:23:08 UTC</createdTime>
<generatorID>FEC165AA-A3B8-8B61-8929-7A664519F1BA</generatorID>
<ownerDesignName>Proyecto-Entrega2</ownerDesignName>
<engineerTo>
<item key="116CC136-D0B6-1183-38CE-8A1F493A5DE0" value="true"/>
</engineerTo>
<referedAttribute>961C8C86-4AE0-0EC2-8E2C-7C6FF3F6D479</referedAttribute>
<use>0</use>
<ownDataTypeParameters>,,</ownDataTypeParameters>
</Attribute>
<Attribute name="Id2" id="126B444C-4EAB-5792-F544-17AA658E34EA">
<createdBy>USER</createdBy>
<createdTime>2024-09-30 23:23:27 UTC</createdTime>
<generatorID>8550DA9C-F1FE-78B1-72B7-4169D73575B8</generatorID>
<ownerDesignName>Proyecto-Entrega2</ownerDesignName>
<engineerTo>
<item key="116CC136-D0B6-1183-38CE-8A1F493A5DE0" value="true"/>
</engineerTo>
<referedAttribute>434EFC86-D3ED-95E4-8930-EA7525EBEDD7</referedAttribute>
<use>0</use>
<ownDataTypeParameters>,,</ownDataTypeParameters>
</Attribute>
</attributes>
<identifiers itemClass="oracle.dbtools.crest.model.design.logical.CandidateKey">
<identifier id="3E83995B-511C-A1CF-A7C8-F9F075FF6C9E" name="CIUDAD PK">
<createdBy>USER</createdBy>
<createdTime>2024-09-30 23:01:13 UTC</createdTime>
<ownerDesignName>Proyecto-Entrega2</ownerDesignName>
<engineerTo>
<item key="116CC136-D0B6-1183-38CE-8A1F493A5DE0" value="true"/>
</engineerTo>
<pk>true</pk>
<usedAttributes>
<attributeRef>203AAC2B-4A50-F448-497B-9F515F2CCA18</attributeRef>
</usedAttributes>
</identifier>
</identifiers>
</Entity>