<?xml version = '1.0' encoding = 'UTF-8'?>
<Entity class="oracle.dbtools.crest.model.design.logical.Entity" directorySegmentName="seg_0" id="4C9DFD2B-FB81-1CA9-4377-B7443C656C2F" name="INFO EXTRA ORDEN">
<createdBy>USER</createdBy>
<createdTime>2024-09-30 23:03:02 UTC</createdTime>
<ownerDesignName>Proyecto-Entrega2</ownerDesignName>
<engineerTo>
<item key="116CC136-D0B6-1183-38CE-8A1F493A5DE0" value="true"/>
</engineerTo>
<adequatelyNormalized>NO</adequatelyNormalized>
<expectedVolumes>0</expectedVolumes>
<fwdEngineeringStrategyName>Single Table</fwdEngineeringStrategyName>
<growthPercent>0</growthPercent>
<growthType>Year</growthType>
<maxVolumes>9999999</maxVolumes>
<minVolumes>0</minVolumes>
<normalForm>Third</normalForm>
<attributes itemClass="oracle.dbtools.crest.model.design.logical.Attribute">
<Attribute name="Cantidad" id="B371F816-C7BF-8176-D130-B44F18909188">
<createdBy>USER</createdBy>
<createdTime>2024-09-30 23:03:02 UTC</createdTime>
<ownerDesignName>Proyecto-Entrega2</ownerDesignName>
<engineerTo>
<item key="116CC136-D0B6-1183-38CE-8A1F493A5DE0" value="true"/>
</engineerTo>
<use>0</use>
<ownDataTypeParameters>,,</ownDataTypeParameters>
</Attribute>
<Attribute name="Costo_unitario_compra" id="55C74958-BBF3-7BFD-46EA-0403B09464B6">
<createdBy>USER</createdBy>
<createdTime>2024-09-30 23:03:24 UTC</createdTime>
<ownerDesignName>Proyecto-Entrega2</ownerDesignName>
<engineerTo>
<item key="116CC136-D0B6-1183-38CE-8A1F493A5DE0" value="true"/>
</engineerTo>
<use>0</use>
<ownDataTypeParameters>,,</ownDataTypeParameters>
</Attribute>
<Attribute name="Id" id="84748E2E-6D14-09DE-47DB-2BA2F565190F">
<createdBy>USER</createdBy>
<createdTime>2024-09-30 23:21:04 UTC</createdTime>
<generatorID>EFA6E077-6E37-783D-9A73-C6007D8250DF</generatorID>
<ownerDesignName>Proyecto-Entrega2</ownerDesignName>
<engineerTo>
<item key="116CC136-D0B6-1183-38CE-8A1F493A5DE0" value="true"/>
</engineerTo>
<referedAttribute>961C8C86-4AE0-0EC2-8E2C-7C6FF3F6D479</referedAttribute>
<use>0</use>
<ownDataTypeParameters>,,</ownDataTypeParameters>
</Attribute>
<Attribute name="Codigo_barras" id="CCACC8D2-8B53-B6B1-9B67-57385195B7B7">
<createdBy>USER</createdBy>
<createdTime>2024-09-30 23:21:12 UTC</createdTime>
<generatorID>5BBC1C63-6AD2-6A25-BAF4-3BF6B0E0B712</generatorID>
<ownerDesignName>Proyecto-Entrega2</ownerDesignName>
<engineerTo>
<item key="116CC136-D0B6-1183-38CE-8A1F493A5DE0" value="true"/>
</engineerTo>
<referedAttribute>6CB503D8-3FF2-76CB-C2E6-800DF5BF5717</referedAttribute>
<use>0</use>
<ownDataTypeParameters>,,</ownDataTypeParameters>
</Attribute>
</attributes>
<identifiers itemClass="oracle.dbtools.crest.model.design.logical.CandidateKey">
<identifier id="E1A8A087-4618-5C47-566F-3BA80B492187" name="CIUDAD PK">
<createdBy>USER</createdBy>
<createdTime>2024-09-30 23:03:02 UTC</createdTime>
<ownerDesignName>Proyecto-Entrega2</ownerDesignName>
<engineerTo>
<item key="116CC136-D0B6-1183-38CE-8A1F493A5DE0" value="true"/>
</engineerTo>
<pk>true</pk>
<usedAttributes>
<attributeRef>84748E2E-6D14-09DE-47DB-2BA2F565190F</attributeRef>
<attributeRef>CCACC8D2-8B53-B6B1-9B67-57385195B7B7</attributeRef>
</usedAttributes>
</identifier>
</identifiers>
</Entity>