<?xml version = '1.0' encoding = 'UTF-8'?>
<Entity class="oracle.dbtools.crest.model.design.logical.Entity" directorySegmentName="seg_0" id="7B85C1B5-6C7E-6A1F-74AA-75BEDC9AFC83" name="PRODUCTO">
<createdBy>USER</createdBy>
<createdTime>2024-09-30 23:08:36 UTC</createdTime>
<ownerDesignName>Proyecto-Entrega2</ownerDesignName>
<engineerTo>
<item key="116CC136-D0B6-1183-38CE-8A1F493A5DE0" value="true"/>
</engineerTo>
<adequatelyNormalized>NO</adequatelyNormalized>
<expectedVolumes>0</expectedVolumes>
<fwdEngineeringStrategyName>Single Table</fwdEngineeringStrategyName>
<growthPercent>0</growthPercent>
<growthType>Year</growthType>
<maxVolumes>9999999</maxVolumes>
<minVolumes>0</minVolumes>
<normalForm>Third</normalForm>
<attributes itemClass="oracle.dbtools.crest.model.design.logical.Attribute">
<Attribute name="Codigo_barras" id="6CB503D8-3FF2-76CB-C2E6-800DF5BF5717">
<createdBy>USER</createdBy>
<createdTime>2024-09-30 23:08:43 UTC</createdTime>
<ownerDesignName>Proyecto-Entrega2</ownerDesignName>
<engineerTo>
<item key="116CC136-D0B6-1183-38CE-8A1F493A5DE0" value="true"/>
</engineerTo>
<use>0</use>
<ownDataTypeParameters>,,</ownDataTypeParameters>
</Attribute>
<Attribute name="Nombre" id="E1F939AD-4FC0-26E2-3227-E5F197F4C03D">
<createdBy>USER</createdBy>
<createdTime>2024-09-30 23:08:51 UTC</createdTime>
<ownerDesignName>Proyecto-Entrega2</ownerDesignName>
<engineerTo>
<item key="116CC136-D0B6-1183-38CE-8A1F493A5DE0" value="true"/>
</engineerTo>
<use>0</use>
<ownDataTypeParameters>,,</ownDataTypeParameters>
</Attribute>
<Attribute name="Precio_unitario" id="6001D531-36DC-8757-F164-F1C79E6FBFDC">
<createdBy>USER</createdBy>
<createdTime>2024-09-30 23:09:00 UTC</createdTime>
<ownerDesignName>Proyecto-Entrega2</ownerDesignName>
<engineerTo>
<item key="116CC136-D0B6-1183-38CE-8A1F493A5DE0" value="true"/>
</engineerTo>
<use>0</use>
<ownDataTypeParameters>,,</ownDataTypeParameters>
</Attribute>
<Attribute name="Presentacion" id="2831670F-5490-F422-0CD6-0EE60EC8F6F0">
<createdBy>USER</createdBy>
<createdTime>2024-09-30 23:09:10 UTC</createdTime>
<ownerDesignName>Proyecto-Entrega2</ownerDesignName>
<engineerTo>
<item key="116CC136-D0B6-1183-38CE-8A1F493A5DE0" value="true"/>
</engineerTo>
<use>0</use>
<ownDataTypeParameters>,,</ownDataTypeParameters>
</Attribute>
<Attribute name="Cantidad_presentacion" id="ACB7DB0F-9FCD-85F9-4199-6D65DE614FFD">
<createdBy>USER</createdBy>
<createdTime>2024-09-30 23:09:20 UTC</createdTime>
<ownerDesignName>Proyecto-Entrega2</ownerDesignName>
<engineerTo>
<item key="116CC136-D0B6-1183-38CE-8A1F493A5DE0" value="true"/>
</engineerTo>
<use>0</use>
<ownDataTypeParameters>,,</ownDataTypeParameters>
</Attribute>
<Attribute name="Unidad_medida" id="978E01E6-4E39-AB73-5D8E-35E43B4264D5">
<createdBy>USER</createdBy>
<createdTime>2024-09-30 23:09:32 UTC</createdTime>
<ownerDesignName>Proyecto-Entrega2</ownerDesignName>
<engineerTo>
<item key="116CC136-D0B6-1183-38CE-8A1F493A5DE0" value="true"/>
</engineerTo>
<use>0</use>
<ownDataTypeParameters>,,</ownDataTypeParameters>
</Attribute>
<Attribute name="Especificacion_empacado_volumen_cm3" id="6A9F39D1-91A0-ADB5-7B66-74FDCA446464">
<createdBy>USER</createdBy>
<createdTime>2024-09-30 23:09:43 UTC</createdTime>
<ownerDesignName>Proyecto-Entrega2</ownerDesignName>
<engineerTo>
<item key="116CC136-D0B6-1183-38CE-8A1F493A5DE0" value="true"/>
</engineerTo>
<use>0</use>
<ownDataTypeParameters>,,</ownDataTypeParameters>
</Attribute>
<Attribute name="Especificacion_empacado_peso_gr" id="A8F673FB-8314-B5C4-2F2C-21C5608D8466">
<createdBy>USER</createdBy>
<createdTime>2024-09-30 23:09:56 UTC</createdTime>
<ownerDesignName>Proyecto-Entrega2</ownerDesignName>
<engineerTo>
<item key="116CC136-D0B6-1183-38CE-8A1F493A5DE0" value="true"/>
</engineerTo>
<use>0</use>
<ownDataTypeParameters>,,</ownDataTypeParameters>
</Attribute>
<Attribute name="Fecha_expiracion" id="BFBE592D-F404-D240-C050-27DB5E61C8DE">
<createdBy>USER</createdBy>
<createdTime>2024-09-30 23:10:22 UTC</createdTime>
<ownerDesignName>Proyecto-Entrega2</ownerDesignName>
<engineerTo>
<item key="116CC136-D0B6-1183-38CE-8A1F493A5DE0" value="true"/>
</engineerTo>
<use>0</use>
<ownDataTypeParameters>,,</ownDataTypeParameters>
</Attribute>
<Attribute name="Codigo" id="3A756AF1-AD90-6E47-38CA-240C9ABA4887">
<createdBy>USER</createdBy>
<createdTime>2024-09-30 23:17:20 UTC</createdTime>
<generatorID>5912BFC5-B868-EE4C-089F-44D47052F190</generatorID>
<ownerDesignName>Proyecto-Entrega2</ownerDesignName>
<engineerTo>
<item key="116CC136-D0B6-1183-38CE-8A1F493A5DE0" value="true"/>
</engineerTo>
<referedAttribute>115C9570-5477-3E64-14A2-4ED9D4895AC3</referedAttribute>
<use>0</use>
<ownDataTypeParameters>,,</ownDataTypeParameters>
</Attribute>
</attributes>
<identifiers itemClass="oracle.dbtools.crest.model.design.logical.CandidateKey">
<identifier id="4FF7D6FA-EF8C-577A-4167-142CC6D75974" name="PRODUCTO PK">
<createdBy>USER</createdBy>
<createdTime>2024-09-30 23:08:50 UTC</createdTime>
<ownerDesignName>Proyecto-Entrega2</ownerDesignName>
<engineerTo>
<item key="116CC136-D0B6-1183-38CE-8A1F493A5DE0" value="true"/>
</engineerTo>
<pk>true</pk>
<usedAttributes>
<attributeRef>6CB503D8-3FF2-76CB-C2E6-800DF5BF5717</attributeRef>
</usedAttributes>
</identifier>
</identifiers>
</Entity>