<?xml version = '1.0' encoding = 'UTF-8'?>
<Entity class="oracle.dbtools.crest.model.design.logical.Entity" directorySegmentName="seg_0" id="9AC4B339-5E7B-499C-CD19-ED3368CE34DF" name="VENTA">
<createdBy>USER</createdBy>
<createdTime>2024-09-30 23:00:18 UTC</createdTime>
<ownerDesignName>Proyecto-Entrega2</ownerDesignName>
<engineerTo>
<item key="116CC136-D0B6-1183-38CE-8A1F493A5DE0" value="true"/>
</engineerTo>
<adequatelyNormalized>NO</adequatelyNormalized>
<expectedVolumes>0</expectedVolumes>
<fwdEngineeringStrategyName>Single Table</fwdEngineeringStrategyName>
<growthPercent>0</growthPercent>
<growthType>Year</growthType>
<maxVolumes>9999999</maxVolumes>
<minVolumes>0</minVolumes>
<normalForm>Third</normalForm>
<attributes itemClass="oracle.dbtools.crest.model.design.logical.Attribute">
<Attribute name="Id" id="B72603F7-3D93-F0EE-5602-7A4C1BE84E66">
<createdBy>USER</createdBy>
<createdTime>2024-09-30 23:00:18 UTC</createdTime>
<ownerDesignName>Proyecto-Entrega2</ownerDesignName>
<engineerTo>
<item key="116CC136-D0B6-1183-38CE-8A1F493A5DE0" value="true"/>
</engineerTo>
<use>0</use>
<ownDataTypeParameters>,,</ownDataTypeParameters>
</Attribute>
<Attribute name="Fecha_venta" id="152D8DE9-5ABD-95B8-42F0-36591EEE2A23">
<createdBy>USER</createdBy>
<createdTime>2024-09-30 23:00:18 UTC</createdTime>
<ownerDesignName>Proyecto-Entrega2</ownerDesignName>
<engineerTo>
<item key="116CC136-D0B6-1183-38CE-8A1F493A5DE0" value="true"/>
</engineerTo>
<use>0</use>
<ownDataTypeParameters>,,</ownDataTypeParameters>
</Attribute>
<Attribute name="Cedula" id="7A5C0DE8-A29C-BC79-ADC0-F6D06347A623">
<createdBy>USER</createdBy>
<createdTime>2024-09-30 23:15:17 UTC</createdTime>
<generatorID>B0CAE370-B7C5-6E90-37CD-63B6CE96C74A</generatorID>
<ownerDesignName>Proyecto-Entrega2</ownerDesignName>
<engineerTo>
<item key="116CC136-D0B6-1183-38CE-8A1F493A5DE0" value="true"/>
</engineerTo>
<referedAttribute>BA9DF574-BD1B-16FE-7CD4-F852BDE3C510</referedAttribute>
<use>0</use>
<ownDataTypeParameters>,,</ownDataTypeParameters>
</Attribute>
<Attribute name="Id1" id="CD0B1631-65BF-0125-F42E-49F198C100B9">
<createdBy>USER</createdBy>
<createdTime>2024-09-30 23:31:13 UTC</createdTime>
<generatorID>ED41D9C0-F437-86F4-9DF5-9380F26DA15C</generatorID>
<ownerDesignName>Proyecto-Entrega2</ownerDesignName>
<engineerTo>
<item key="116CC136-D0B6-1183-38CE-8A1F493A5DE0" value="true"/>
</engineerTo>
<referedAttribute>18B8D7C4-0FD9-6997-78E9-039FA3522053</referedAttribute>
<use>0</use>
<ownDataTypeParameters>,,</ownDataTypeParameters>
</Attribute>
</attributes>
<identifiers itemClass="oracle.dbtools.crest.model.design.logical.CandidateKey">
<identifier id="82F06246-B7CE-4097-607D-8E176F03ABE4" name="CIUDAD PK">
<createdBy>USER</createdBy>
<createdTime>2024-09-30 23:00:18 UTC</createdTime>
<ownerDesignName>Proyecto-Entrega2</ownerDesignName>
<engineerTo>
<item key="116CC136-D0B6-1183-38CE-8A1F493A5DE0" value="true"/>
</engineerTo>
<pk>true</pk>
<usedAttributes>
<attributeRef>B72603F7-3D93-F0EE-5602-7A4C1BE84E66</attributeRef>
</usedAttributes>
</identifier>
</identifiers>
</Entity>