<?xml version = '1.0' encoding = 'UTF-8'?>
<Entity class="oracle.dbtools.crest.model.design.logical.Entity" directorySegmentName="seg_0" id="C0CD2AB2-2138-1A27-52B5-97E880F9066E" name="CIUDAD">
<createdBy>USER</createdBy>
<createdTime>2024-09-30 22:54:50 UTC</createdTime>
<ownerDesignName>Proyecto-Entrega2</ownerDesignName>
<engineerTo>
<item key="116CC136-D0B6-1183-38CE-8A1F493A5DE0" value="true"/>
</engineerTo>
<adequatelyNormalized>NO</adequatelyNormalized>
<expectedVolumes>0</expectedVolumes>
<fwdEngineeringStrategyName>Single Table</fwdEngineeringStrategyName>
<growthPercent>0</growthPercent>
<growthType>Year</growthType>
<maxVolumes>9999999</maxVolumes>
<minVolumes>0</minVolumes>
<normalForm>Third</normalForm>
<attributes itemClass="oracle.dbtools.crest.model.design.logical.Attribute">
<Attribute name="Codigo" id="BE4D3655-68F5-08B0-2F8F-272DC50E2F14">
<createdBy>USER</createdBy>
<createdTime>2024-09-30 22:54:59 UTC</createdTime>
<ownerDesignName>Proyecto-Entrega2</ownerDesignName>
<engineerTo>
<item key="116CC136-D0B6-1183-38CE-8A1F493A5DE0" value="true"/>
</engineerTo>
<use>0</use>
<ownDataTypeParameters>,,</ownDataTypeParameters>
</Attribute>
<Attribute name="Nombre" id="067556D1-C921-EAA4-079C-39C7C28466C1">
<createdBy>USER</createdBy>
<createdTime>2024-09-30 22:55:05 UTC</createdTime>
<ownerDesignName>Proyecto-Entrega2</ownerDesignName>
<engineerTo>
<item key="116CC136-D0B6-1183-38CE-8A1F493A5DE0" value="true"/>
</engineerTo>
<use>0</use>
<ownDataTypeParameters>,,</ownDataTypeParameters>
</Attribute>
</attributes>
<identifiers itemClass="oracle.dbtools.crest.model.design.logical.CandidateKey">
<identifier id="787EC975-11FC-8D7C-183F-D389BE1F7C69" name="CIUDAD PK">
<createdBy>USER</createdBy>
<createdTime>2024-09-30 22:55:03 UTC</createdTime>
<ownerDesignName>Proyecto-Entrega2</ownerDesignName>
<engineerTo>
<item key="116CC136-D0B6-1183-38CE-8A1F493A5DE0" value="true"/>
</engineerTo>
<pk>true</pk>
<usedAttributes>
<attributeRef>BE4D3655-68F5-08B0-2F8F-272DC50E2F14</attributeRef>
</usedAttributes>
</identifier>
</identifiers>
</Entity>