<?xml version = '1.0' encoding = 'UTF-8'?>
<Entity class="oracle.dbtools.crest.model.design.logical.Entity" directorySegmentName="seg_0" id="C38B5CE8-18D8-A772-7041-ED151DF17EC8" name="BODEGA">
<createdBy>USER</createdBy>
<createdTime>2024-09-30 22:58:39 UTC</createdTime>
<ownerDesignName>Proyecto-Entrega2</ownerDesignName>
<engineerTo>
<item key="116CC136-D0B6-1183-38CE-8A1F493A5DE0" value="true"/>
</engineerTo>
<adequatelyNormalized>NO</adequatelyNormalized>
<expectedVolumes>0</expectedVolumes>
<fwdEngineeringStrategyName>Single Table</fwdEngineeringStrategyName>
<growthPercent>0</growthPercent>
<growthType>Year</growthType>
<maxVolumes>9999999</maxVolumes>
<minVolumes>0</minVolumes>
<normalForm>Third</normalForm>
<attributes itemClass="oracle.dbtools.crest.model.design.logical.Attribute">
<Attribute name="Id" id="434EFC86-D3ED-95E4-8930-EA7525EBEDD7">
<createdBy>USER</createdBy>
<createdTime>2024-09-30 22:58:39 UTC</createdTime>
<ownerDesignName>Proyecto-Entrega2</ownerDesignName>
<engineerTo>
<item key="116CC136-D0B6-1183-38CE-8A1F493A5DE0" value="true"/>
</engineerTo>
<use>0</use>
<ownDataTypeParameters>,,</ownDataTypeParameters>
</Attribute>
<Attribute name="Nombre" id="8B1F1B87-1880-2188-761D-506A17F85EDB">
<createdBy>USER</createdBy>
<createdTime>2024-09-30 22:58:39 UTC</createdTime>
<ownerDesignName>Proyecto-Entrega2</ownerDesignName>
<engineerTo>
<item key="116CC136-D0B6-1183-38CE-8A1F493A5DE0" value="true"/>
</engineerTo>
<use>0</use>
<ownDataTypeParameters>,,</ownDataTypeParameters>
</Attribute>
<Attribute name="Tamanio_metros2" id="269F179C-7FDA-2BBC-96E6-B2214BB0399B">
<createdBy>USER</createdBy>
<createdTime>2024-09-30 22:58:39 UTC</createdTime>
<ownerDesignName>Proyecto-Entrega2</ownerDesignName>
<engineerTo>
<item key="116CC136-D0B6-1183-38CE-8A1F493A5DE0" value="true"/>
</engineerTo>
<use>0</use>
<ownDataTypeParameters>,,</ownDataTypeParameters>
</Attribute>
<Attribute name="Id1" id="00680086-4F29-E1A5-695D-76BC039632BD">
<createdBy>USER</createdBy>
<createdTime>2024-09-30 23:14:45 UTC</createdTime>
<generatorID>47EB3393-4CDB-5DEA-163F-0824EE939A53</generatorID>
<ownerDesignName>Proyecto-Entrega2</ownerDesignName>
<engineerTo>
<item key="116CC136-D0B6-1183-38CE-8A1F493A5DE0" value="true"/>
</engineerTo>
<referedAttribute>18B8D7C4-0FD9-6997-78E9-039FA3522053</referedAttribute>
<use>0</use>
<ownDataTypeParameters>,,</ownDataTypeParameters>
</Attribute>
</attributes>
<identifiers itemClass="oracle.dbtools.crest.model.design.logical.CandidateKey">
<identifier id="BEB22520-7C3D-900D-B317-47F38480C92F" name="BODEGA PK">
<createdBy>USER</createdBy>
<createdTime>2024-09-30 22:58:39 UTC</createdTime>
<ownerDesignName>Proyecto-Entrega2</ownerDesignName>
<engineerTo>
<item key="116CC136-D0B6-1183-38CE-8A1F493A5DE0" value="true"/>
</engineerTo>
<pk>true</pk>
<usedAttributes>
<attributeRef>434EFC86-D3ED-95E4-8930-EA7525EBEDD7</attributeRef>
</usedAttributes>
</identifier>
</identifiers>
</Entity>