<?xml version = '1.0' encoding = 'UTF-8'?>
<Entity class="oracle.dbtools.crest.model.design.logical.Entity" directorySegmentName="seg_0" id="CA52EC5E-0DB5-CFBD-47D1-230897AADC4A" name="SUCURSAL">
<createdBy>USER</createdBy>
<createdTime>2024-09-30 22:55:15 UTC</createdTime>
<ownerDesignName>Proyecto-Entrega2</ownerDesignName>
<engineerTo>
<item key="116CC136-D0B6-1183-38CE-8A1F493A5DE0" value="true"/>
</engineerTo>
<adequatelyNormalized>NO</adequatelyNormalized>
<expectedVolumes>0</expectedVolumes>
<fwdEngineeringStrategyName>Single Table</fwdEngineeringStrategyName>
<growthPercent>0</growthPercent>
<growthType>Year</growthType>
<maxVolumes>9999999</maxVolumes>
<minVolumes>0</minVolumes>
<normalForm>Third</normalForm>
<attributes itemClass="oracle.dbtools.crest.model.design.logical.Attribute">
<Attribute name="Id" id="18B8D7C4-0FD9-6997-78E9-039FA3522053">
<createdBy>USER</createdBy>
<createdTime>2024-09-30 22:55:23 UTC</createdTime>
<ownerDesignName>Proyecto-Entrega2</ownerDesignName>
<engineerTo>
<item key="116CC136-D0B6-1183-38CE-8A1F493A5DE0" value="true"/>
</engineerTo>
<use>0</use>
<ownDataTypeParameters>,,</ownDataTypeParameters>
</Attribute>
<Attribute name="Nombre" id="D49E1CF4-FCB4-9670-E708-FE124A0CF0C8">
<createdBy>USER</createdBy>
<createdTime>2024-09-30 22:55:31 UTC</createdTime>
<ownerDesignName>Proyecto-Entrega2</ownerDesignName>
<engineerTo>
<item key="116CC136-D0B6-1183-38CE-8A1F493A5DE0" value="true"/>
</engineerTo>
<use>0</use>
<ownDataTypeParameters>,,</ownDataTypeParameters>
</Attribute>
<Attribute name="Tamanio_metros" id="8FF32DE7-C7CA-29F6-6400-DBAA7D5EAEB3">
<createdBy>USER</createdBy>
<createdTime>2024-09-30 22:55:41 UTC</createdTime>
<ownerDesignName>Proyecto-Entrega2</ownerDesignName>
<engineerTo>
<item key="116CC136-D0B6-1183-38CE-8A1F493A5DE0" value="true"/>
</engineerTo>
<use>0</use>
<ownDataTypeParameters>,,</ownDataTypeParameters>
</Attribute>
<Attribute name="Telefono" id="E0B7AA61-F352-B8C8-BC6C-348D31F463D8">
<createdBy>USER</createdBy>
<createdTime>2024-09-30 22:55:52 UTC</createdTime>
<ownerDesignName>Proyecto-Entrega2</ownerDesignName>
<engineerTo>
<item key="116CC136-D0B6-1183-38CE-8A1F493A5DE0" value="true"/>
</engineerTo>
<use>0</use>
<ownDataTypeParameters>,,</ownDataTypeParameters>
</Attribute>
<Attribute name="Direccion" id="C8F98133-EEF8-13BE-1F24-B0E3FBB63B3F">
<createdBy>USER</createdBy>
<createdTime>2024-09-30 22:56:00 UTC</createdTime>
<ownerDesignName>Proyecto-Entrega2</ownerDesignName>
<engineerTo>
<item key="116CC136-D0B6-1183-38CE-8A1F493A5DE0" value="true"/>
</engineerTo>
<use>0</use>
<ownDataTypeParameters>,,</ownDataTypeParameters>
</Attribute>
<Attribute name="Codigo" id="4E135410-EC92-A6AA-A86B-73144C120083">
<createdBy>USER</createdBy>
<createdTime>2024-09-30 23:14:05 UTC</createdTime>
<generatorID>4D68BB95-CFC5-81FF-DC57-754875FD8E7E</generatorID>
<ownerDesignName>Proyecto-Entrega2</ownerDesignName>
<engineerTo>
<item key="116CC136-D0B6-1183-38CE-8A1F493A5DE0" value="true"/>
</engineerTo>
<referedAttribute>BE4D3655-68F5-08B0-2F8F-272DC50E2F14</referedAttribute>
<use>0</use>
<ownDataTypeParameters>,,</ownDataTypeParameters>
</Attribute>
</attributes>
<identifiers itemClass="oracle.dbtools.crest.model.design.logical.CandidateKey">
<identifier id="B3E9EFB1-7B96-83F2-F50C-0CD36D2C4B80" name="SUCURSAL PK">
<createdBy>USER</createdBy>
<createdTime>2024-09-30 22:55:30 UTC</createdTime>
<ownerDesignName>Proyecto-Entrega2</ownerDesignName>
<engineerTo>
<item key="116CC136-D0B6-1183-38CE-8A1F493A5DE0" value="true"/>
</engineerTo>
<pk>true</pk>
<usedAttributes>
<attributeRef>18B8D7C4-0FD9-6997-78E9-039FA3522053</attributeRef>
</usedAttributes>
</identifier>
</identifiers>
</Entity>