<?xml version = '1.0' encoding = 'UTF-8'?>
<Entity class="oracle.dbtools.crest.model.design.logical.Entity" directorySegmentName="seg_0" id="EA5F7FAB-18D1-536B-6548-355E739F2130" name="INFO EXTRA VENTA">
<createdBy>USER</createdBy>
<createdTime>2024-09-30 23:02:18 UTC</createdTime>
<ownerDesignName>Proyecto-Entrega2</ownerDesignName>
<engineerTo>
<item key="116CC136-D0B6-1183-38CE-8A1F493A5DE0" value="true"/>
</engineerTo>
<adequatelyNormalized>NO</adequatelyNormalized>
<expectedVolumes>0</expectedVolumes>
<fwdEngineeringStrategyName>Single Table</fwdEngineeringStrategyName>
<growthPercent>0</growthPercent>
<growthType>Year</growthType>
<maxVolumes>9999999</maxVolumes>
<minVolumes>0</minVolumes>
<normalForm>Third</normalForm>
<attributes itemClass="oracle.dbtools.crest.model.design.logical.Attribute">
<Attribute name="Cantidad" id="73A67B67-39BD-1A82-A5B7-C51FA705C2DE">
<createdBy>USER</createdBy>
<createdTime>2024-09-30 23:02:18 UTC</createdTime>
<ownerDesignName>Proyecto-Entrega2</ownerDesignName>
<engineerTo>
<item key="116CC136-D0B6-1183-38CE-8A1F493A5DE0" value="true"/>
</engineerTo>
<use>0</use>
<ownDataTypeParameters>,,</ownDataTypeParameters>
</Attribute>
<Attribute name="Id" id="87CFD710-56AA-9DA0-918D-45FFEDB6868C">
<createdBy>USER</createdBy>
<createdTime>2024-09-30 23:20:28 UTC</createdTime>
<generatorID>06034843-E31F-55CE-60E2-97B53B634A3F</generatorID>
<ownerDesignName>Proyecto-Entrega2</ownerDesignName>
<engineerTo>
<item key="116CC136-D0B6-1183-38CE-8A1F493A5DE0" value="true"/>
</engineerTo>
<referedAttribute>B72603F7-3D93-F0EE-5602-7A4C1BE84E66</referedAttribute>
<use>0</use>
<ownDataTypeParameters>,,</ownDataTypeParameters>
</Attribute>
<Attribute name="Codigo_barras" id="46AC3430-0BBB-4AEC-2F25-89D67CD00F8C">
<createdBy>USER</createdBy>
<createdTime>2024-09-30 23:20:37 UTC</createdTime>
<generatorID>60AA70B8-51C9-BCF2-D247-6D66A0008D80</generatorID>
<ownerDesignName>Proyecto-Entrega2</ownerDesignName>
<engineerTo>
<item key="116CC136-D0B6-1183-38CE-8A1F493A5DE0" value="true"/>
</engineerTo>
<referedAttribute>6CB503D8-3FF2-76CB-C2E6-800DF5BF5717</referedAttribute>
<use>0</use>
<ownDataTypeParameters>,,</ownDataTypeParameters>
</Attribute>
</attributes>
<identifiers itemClass="oracle.dbtools.crest.model.design.logical.CandidateKey">
<identifier id="7ED6BB95-5E8A-ED00-D2B7-7C0CEDDFA5D0" name="CIUDAD PK">
<createdBy>USER</createdBy>
<createdTime>2024-09-30 23:02:18 UTC</createdTime>
<ownerDesignName>Proyecto-Entrega2</ownerDesignName>
<engineerTo>
<item key="116CC136-D0B6-1183-38CE-8A1F493A5DE0" value="true"/>
</engineerTo>
<pk>true</pk>
<usedAttributes>
<attributeRef>87CFD710-56AA-9DA0-918D-45FFEDB6868C</attributeRef>
<attributeRef>46AC3430-0BBB-4AEC-2F25-89D67CD00F8C</attributeRef>
</usedAttributes>
</identifier>
</identifiers>
</Entity>