<?xml version = '1.0' encoding = 'UTF-8'?>
<Relation class="oracle.dbtools.crest.model.design.logical.Relation" name="BodegasPertenecientes" directorySegmentName="seg_0" id="0CF56CCB-2512-875D-DD95-8E0D0ED6C80F">
<createdBy>asus</createdBy>
<createdTime>2024-09-01 20:53:01 UTC</createdTime>
<ownerDesignName>Modelo de Barker</ownerDesignName>
<engineerTo>
<item key="8FCDEC73-76D7-BAE7-FA50-BC97FB51E21E" value="true"/>
</engineerTo>
<sourcePk>4720B0F7-11B7-6AB6-0789-D1CF19E790F3</sourcePk>
<targetPk>02FDA62F-1BFA-7D45-9FD0-089ADD8F72A6</targetPk>
<identifying>false</identifying>
<optionalSource>false</optionalSource>
<optionalTarget>false</optionalTarget>
<sourceCardinality>*</sourceCardinality>
<sourceEntity>4162E814-F10C-8051-0168-9702B8219EEF</sourceEntity>
<targetCardinalityString>1</targetCardinalityString>
<targetEntity>CCF71999-EB4C-D4C9-8FEB-1EA684B1C97F</targetEntity>
<transferable>true</transferable>
<deleteRule>NO ACTION</deleteRule>
</Relation>