<?xml version = '1.0' encoding = 'UTF-8'?>
<Relation class="oracle.dbtools.crest.model.design.logical.Relation" name="ProductosOrdenados" directorySegmentName="seg_0" id="0DAB3990-3B6D-B8DC-7E40-42C0E609E088">
<createdBy>asus</createdBy>
<createdTime>2024-09-01 20:56:36 UTC</createdTime>
<ownerDesignName>Modelo de Barker</ownerDesignName>
<engineerTo>
<item key="8FCDEC73-76D7-BAE7-FA50-BC97FB51E21E" value="true"/>
</engineerTo>
<identifying>false</identifying>
<optionalSource>true</optionalSource>
<optionalTarget>false</optionalTarget>
<sourceCardinality>*</sourceCardinality>
<sourceEntity>D07A5275-C0BC-8095-B4BA-ADB7202366FB</sourceEntity>
<targetCardinalityString>*</targetCardinalityString>
<targetEntity>67930B33-868D-39CC-275B-A96C41307968</targetEntity>
<transferable>true</transferable>
<deleteRule>NO ACTION</deleteRule>
</Relation>