<?xml version = '1.0' encoding = 'UTF-8'?>
<Relation class="oracle.dbtools.crest.model.design.logical.Relation" name="OrdenesCreadas" directorySegmentName="seg_0" id="4BD3CCEF-D8D5-5120-262F-247A1C460E09">
<createdBy>asus</createdBy>
<createdTime>2024-09-01 20:52:20 UTC</createdTime>
<ownerDesignName>Modelo de Barker</ownerDesignName>
<engineerTo>
<item key="8FCDEC73-76D7-BAE7-FA50-BC97FB51E21E" value="true"/>
</engineerTo>
<sourcePk>02FDA62F-1BFA-7D45-9FD0-089ADD8F72A6</sourcePk>
<identifying>false</identifying>
<optionalSource>true</optionalSource>
<optionalTarget>false</optionalTarget>
<sourceCardinality>1</sourceCardinality>
<sourceEntity>CCF71999-EB4C-D4C9-8FEB-1EA684B1C97F</sourceEntity>
<targetCardinalityString>*</targetCardinalityString>
<targetEntity>67930B33-868D-39CC-275B-A96C41307968</targetEntity>
<transferable>true</transferable>
<deleteRule>NO ACTION</deleteRule>
</Relation>