<?xml version = '1.0' encoding = 'UTF-8'?>
<Relation class="oracle.dbtools.crest.model.design.logical.Relation" name="ProveedorDeSucursal" directorySegmentName="seg_0" id="B7E465AD-7193-E944-79E7-14540DE13557">
<createdBy>asus</createdBy>
<createdTime>2024-09-01 20:51:53 UTC</createdTime>
<ownerDesignName>Modelo de Barker</ownerDesignName>
<engineerTo>
<item key="8FCDEC73-76D7-BAE7-FA50-BC97FB51E21E" value="true"/>
</engineerTo>
<identifying>false</identifying>
<optionalSource>false</optionalSource>
<optionalTarget>false</optionalTarget>
<sourceCardinality>*</sourceCardinality>
<sourceEntity>2C07ED1E-1BAF-00FF-8F27-0C5AD46DDD4C</sourceEntity>
<targetCardinalityString>*</targetCardinalityString>
<targetEntity>CCF71999-EB4C-D4C9-8FEB-1EA684B1C97F</targetEntity>
<transferable>true</transferable>
<deleteRule>NO ACTION</deleteRule>
</Relation>