<?xml version = '1.0' encoding = 'UTF-8'?>
<Relation class="oracle.dbtools.crest.model.design.logical.Relation" name="CiudadesConSucursales" directorySegmentName="seg_0" id="C3F9AEF3-4105-FFB1-10DC-E32FB0E9A5F7">
<createdBy>asus</createdBy>
<createdTime>2024-09-01 20:51:34 UTC</createdTime>
<ownerDesignName>Modelo de Barker</ownerDesignName>
<engineerTo>
<item key="8FCDEC73-76D7-BAE7-FA50-BC97FB51E21E" value="true"/>
</engineerTo>
<sourcePk>5EA32884-29DB-6EED-57AE-4DDBD8F49ECE</sourcePk>
<identifying>false</identifying>
<optionalSource>false</optionalSource>
<optionalTarget>false</optionalTarget>
<sourceCardinality>1</sourceCardinality>
<sourceEntity>A5C00E4F-C862-7518-59DF-5ACC2CAEF6F6</sourceEntity>
<targetCardinalityString>*</targetCardinalityString>
<targetEntity>CCF71999-EB4C-D4C9-8FEB-1EA684B1C97F</targetEntity>
<transferable>true</transferable>
<deleteRule>NO ACTION</deleteRule>
</Relation>