<?xml version = '1.0' encoding = 'UTF-8'?>
<Relation class="oracle.dbtools.crest.model.design.logical.Relation" name="ProductosEnBodegas" directorySegmentName="seg_0" id="CEFD09C1-5185-9947-3654-37C71AFBAB5C">
<createdBy>asus</createdBy>
<createdTime>2024-09-01 20:55:29 UTC</createdTime>
<ownerDesignName>Modelo de Barker</ownerDesignName>
<engineerTo>
<item key="8FCDEC73-76D7-BAE7-FA50-BC97FB51E21E" value="true"/>
</engineerTo>
<identifying>false</identifying>
<optionalSource>true</optionalSource>
<optionalTarget>true</optionalTarget>
<sourceCardinality>*</sourceCardinality>
<sourceEntity>59344FE0-639C-3E4F-1AD6-F5C5A686E35B</sourceEntity>
<targetCardinalityString>*</targetCardinalityString>
<targetEntity>4162E814-F10C-8051-0168-9702B8219EEF</targetEntity>
<transferable>true</transferable>
<deleteRule>NO ACTION</deleteRule>
</Relation>