<?xml version = '1.0' encoding = 'UTF-8'?>
<Relation class="oracle.dbtools.crest.model.design.logical.Relation" name="CategoriasDeProductos" directorySegmentName="seg_0" id="D61F5369-B76A-417D-0D1C-D23D67CBD5BC">
<createdBy>asus</createdBy>
<createdTime>2024-09-01 20:56:00 UTC</createdTime>
<ownerDesignName>Modelo de Barker</ownerDesignName>
<engineerTo>
<item key="8FCDEC73-76D7-BAE7-FA50-BC97FB51E21E" value="true"/>
</engineerTo>
<sourcePk>A4DFAE76-EB23-8F59-138E-6713862FC574</sourcePk>
<identifying>false</identifying>
<optionalSource>true</optionalSource>
<optionalTarget>false</optionalTarget>
<sourceCardinality>1</sourceCardinality>
<sourceEntity>E6779D43-3543-7148-8225-B53A8B81887B</sourceEntity>
<targetCardinalityString>*</targetCardinalityString>
<targetEntity>D17A5FFA-E262-CE4B-BAC3-E8E4E2049340</targetEntity>
<transferable>true</transferable>
<deleteRule>NO ACTION</deleteRule>
</Relation>