<?xml version = '1.0' encoding = 'UTF-8'?>
<Relation class="oracle.dbtools.crest.model.design.logical.Relation" name="ProveedoresDeProductos" directorySegmentName="seg_0" id="E720F732-A949-6B16-E46D-78EA41FC66B4">
<createdBy>asus</createdBy>
<createdTime>2024-09-01 20:58:33 UTC</createdTime>
<ownerDesignName>Modelo de Barker</ownerDesignName>
<engineerTo>
<item key="8FCDEC73-76D7-BAE7-FA50-BC97FB51E21E" value="true"/>
</engineerTo>
<identifying>false</identifying>
<optionalSource>false</optionalSource>
<optionalTarget>false</optionalTarget>
<sourceCardinality>*</sourceCardinality>
<sourceEntity>2C07ED1E-1BAF-00FF-8F27-0C5AD46DDD4C</sourceEntity>
<targetCardinalityString>*</targetCardinalityString>
<targetEntity>D17A5FFA-E262-CE4B-BAC3-E8E4E2049340</targetEntity>
<transferable>true</transferable>
<deleteRule>NO ACTION</deleteRule>
</Relation>