<?xml version = '1.0' encoding = 'UTF-8'?>
<Relation class="oracle.dbtools.crest.model.design.logical.Relation" name="Relation_10" directorySegmentName="seg_0" id="E9E18B60-EB20-F967-644A-DD20372B9863">
<createdBy>asus</createdBy>
<createdTime>2024-09-01 22:45:36 UTC</createdTime>
<ownerDesignName>Modelo de Barker</ownerDesignName>
<engineerTo>
<item key="8FCDEC73-76D7-BAE7-FA50-BC97FB51E21E" value="true"/>
</engineerTo>
<sourcePk>4720B0F7-11B7-6AB6-0789-D1CF19E790F3</sourcePk>
<identifying>false</identifying>
<optionalSource>true</optionalSource>
<optionalTarget>false</optionalTarget>
<sourceCardinality>1</sourceCardinality>
<sourceEntity>4162E814-F10C-8051-0168-9702B8219EEF</sourceEntity>
<targetCardinalityString>*</targetCardinalityString>
<targetEntity>67930B33-868D-39CC-275B-A96C41307968</targetEntity>
<transferable>true</transferable>
<deleteRule>NO ACTION</deleteRule>
</Relation>