<?xml version = '1.0' encoding = 'UTF-8'?>
<Diagram class="oracle.dbtools.crest.swingui.logical.DPVLogical" name="Logical" id="C02DDA77-39E7-5E77-0CBA-DF2AFF392C19">
<createdBy>USER</createdBy>
<modifiedBy>USER</modifiedBy>
<createdTime>2024-09-30 22:53:17 UTC</createdTime>
<autoRoute>false</autoRoute>
<boxInbox>true</boxInbox>
<showLegend>false</showLegend>
<showLabels>false</showLabels>
<showRelAttributes>false</showRelAttributes>
<gridEnabled>false</gridEnabled>
<showGrid>false</showGrid>
<diagramColor>-1</diagramColor>
<display>false</display>
<notation>1</notation>
<objectViews>
<OView class="oracle.dbtools.crest.swingui.logical.TVEntity" oid="00C38CAA-703D-6216-1991-87CEEF322B73" otype="Entity" vid="9B61C9DA-E476-4D38-02CC-A61B37492061">
<hideElementsInCurrentOnly>false</hideElementsInCurrentOnly>
<bounds x="236" y="94" width="170" height="110"/>
</OView>
<OView class="oracle.dbtools.crest.swingui.logical.TVEntity" oid="344C431D-E41B-9233-7F17-03E41F304840" otype="Entity" vid="6CE426D5-6F69-F49C-5287-2A14E619615F">
<hideElementsInCurrentOnly>false</hideElementsInCurrentOnly>
<bounds x="241" y="633" width="170" height="110"/>
</OView>
<OView class="oracle.dbtools.crest.swingui.logical.TVEntity" oid="3F7CF090-284E-1AE0-ACA4-E40F89FF2682" otype="Entity" vid="FF900351-D628-3B17-29D5-74533DC4A6C4">
<hideElementsInCurrentOnly>false</hideElementsInCurrentOnly>
<bounds x="910" y="325" width="170" height="110"/>
</OView>
<OView class="oracle.dbtools.crest.swingui.logical.TVEntity" oid="459AB30F-8BD8-0E91-6911-B3DCBC0E8101" otype="Entity" vid="D71D8963-BCCB-8713-E1F5-25303464EA41">
<hideElementsInCurrentOnly>false</hideElementsInCurrentOnly>
<bounds x="426" y="320" width="170" height="110"/>
</OView>
<OView class="oracle.dbtools.crest.swingui.logical.TVEntity" oid="4C9DFD2B-FB81-1CA9-4377-B7443C656C2F" otype="Entity" vid="ABAA9FA2-B0DE-65BD-85B3-AF6B3EE93D29">
<hideElementsInCurrentOnly>false</hideElementsInCurrentOnly>
<bounds x="37" y="237" width="170" height="110"/>
</OView>
<OView class="oracle.dbtools.crest.swingui.logical.TVEntity" oid="6E4B124C-76EB-D511-1DC2-C477499A7DD2" otype="Entity" vid="1C6A3A71-CC32-AE9F-D286-6C87D64810EA">
<hideElementsInCurrentOnly>false</hideElementsInCurrentOnly>
<bounds x="1658" y="226" width="236" height="110"/>
</OView>
<OView class="oracle.dbtools.crest.swingui.logical.TVEntity" oid="7B85C1B5-6C7E-6A1F-74AA-75BEDC9AFC83" otype="Entity" vid="F138AC58-6A10-C68D-B1BD-C86525A4018C">
<hideElementsInCurrentOnly>false</hideElementsInCurrentOnly>
<bounds x="1225" y="101" width="259" height="392"/>
</OView>
<OView class="oracle.dbtools.crest.swingui.logical.TVEntity" oid="9AC4B339-5E7B-499C-CD19-ED3368CE34DF" otype="Entity" vid="82651918-8B28-B24D-9E29-D8887BC72188">
<hideElementsInCurrentOnly>false</hideElementsInCurrentOnly>
<bounds x="1270" y="683" width="170" height="63"/>
</OView>
<OView class="oracle.dbtools.crest.swingui.logical.TVEntity" oid="C0CD2AB2-2138-1A27-52B5-97E880F9066E" otype="Entity" vid="C45F0DA5-0158-F084-E193-A2E5505810ED">
<hideElementsInCurrentOnly>false</hideElementsInCurrentOnly>
<bounds x="682" y="793" width="170" height="78"/>
</OView>
<OView class="oracle.dbtools.crest.swingui.logical.TVEntity" oid="C38B5CE8-18D8-A772-7041-ED151DF17EC8" otype="Entity" vid="D6F7F442-FB40-9131-4513-FF23282E9B14">
<hideElementsInCurrentOnly>false</hideElementsInCurrentOnly>
<bounds x="674" y="318" width="170" height="115"/>
</OView>
<OView class="oracle.dbtools.crest.swingui.logical.TVEntity" oid="CA52EC5E-0DB5-CFBD-47D1-230897AADC4A" otype="Entity" vid="50B5A014-446F-C0B7-3EB1-AAB7C5523626">
<hideElementsInCurrentOnly>false</hideElementsInCurrentOnly>
<bounds x="684" y="633" width="170" height="110"/>
</OView>
<OView class="oracle.dbtools.crest.swingui.logical.TVEntity" oid="DAD2B0FC-D460-1A7F-3327-0372DDC928A1" otype="Entity" vid="E96393E1-87DB-FCBB-38D1-95C019F0CC5D">
<hideElementsInCurrentOnly>false</hideElementsInCurrentOnly>
<bounds x="1604" y="681" width="170" height="68"/>
</OView>
<OView class="oracle.dbtools.crest.swingui.logical.TVEntity" oid="EA5F7FAB-18D1-536B-6548-355E739F2130" otype="Entity" vid="B4D29495-7022-7C11-8D64-18D9D5DFA811">
<hideElementsInCurrentOnly>false</hideElementsInCurrentOnly>
<bounds x="1273" y="561" width="170" height="58"/>
</OView>
</objectViews>
<connectors>
<Connector class="oracle.dbtools.crest.swingui.logical.TVRelation" oid="06034843-E31F-55CE-60E2-97B53B634A3F" otype="Relation" vid_source="82651918-8B28-B24D-9E29-D8887BC72188" vid_target="B4D29495-7022-7C11-8D64-18D9D5DFA811">
<hideElementsInCurrentOnly>false</hideElementsInCurrentOnly>
<backgroundColor>-16777216</backgroundColor>
<lineWidth>1</lineWidth>
<points>
<point x="1356" y="683"/>
<point x="1356" y="619"/>
</points>
</Connector>
<Connector class="oracle.dbtools.crest.swingui.logical.TVRelation" oid="47EB3393-4CDB-5DEA-163F-0824EE939A53" otype="Relation" vid_source="50B5A014-446F-C0B7-3EB1-AAB7C5523626" vid_target="D6F7F442-FB40-9131-4513-FF23282E9B14">
<hideElementsInCurrentOnly>false</hideElementsInCurrentOnly>
<backgroundColor>-16777216</backgroundColor>
<lineWidth>1</lineWidth>
<points>
<point x="764" y="633"/>
<point x="764" y="433"/>
</points>
</Connector>
<Connector class="oracle.dbtools.crest.swingui.logical.TVRelation" oid="4D68BB95-CFC5-81FF-DC57-754875FD8E7E" otype="Relation" vid_source="50B5A014-446F-C0B7-3EB1-AAB7C5523626" vid_target="C45F0DA5-0158-F084-E193-A2E5505810ED">
<hideElementsInCurrentOnly>false</hideElementsInCurrentOnly>
<backgroundColor>-16777216</backgroundColor>
<lineWidth>1</lineWidth>
<points>
<point x="768" y="743"/>
<point x="768" y="793"/>
</points>
</Connector>
<Connector class="oracle.dbtools.crest.swingui.logical.TVRelation" oid="5912BFC5-B868-EE4C-089F-44D47052F190" otype="Relation" vid_source="F138AC58-6A10-C68D-B1BD-C86525A4018C" vid_target="1C6A3A71-CC32-AE9F-D286-6C87D64810EA">
<hideElementsInCurrentOnly>false</hideElementsInCurrentOnly>
<backgroundColor>-16777216</backgroundColor>
<lineWidth>1</lineWidth>
<points>
<point x="1484" y="281"/>
<point x="1658" y="281"/>
</points>
</Connector>
<Connector class="oracle.dbtools.crest.swingui.logical.TVRelation" oid="5BBC1C63-6AD2-6A25-BAF4-3BF6B0E0B712" otype="Relation" vid_source="F138AC58-6A10-C68D-B1BD-C86525A4018C" vid_target="ABAA9FA2-B0DE-65BD-85B3-AF6B3EE93D29">
<hideElementsInCurrentOnly>false</hideElementsInCurrentOnly>
<backgroundColor>-16777216</backgroundColor>
<lineWidth>1</lineWidth>
<points>
<point x="1225" y="292"/>
<point x="207" y="292"/>
</points>
</Connector>
<Connector class="oracle.dbtools.crest.swingui.logical.TVRelation" oid="60AA70B8-51C9-BCF2-D247-6D66A0008D80" otype="Relation" vid_source="F138AC58-6A10-C68D-B1BD-C86525A4018C" vid_target="B4D29495-7022-7C11-8D64-18D9D5DFA811">
<hideElementsInCurrentOnly>false</hideElementsInCurrentOnly>
<backgroundColor>-16777216</backgroundColor>
<lineWidth>1</lineWidth>
<points>
<point x="1358" y="493"/>
<point x="1358" y="561"/>
</points>
</Connector>
<Connector class="oracle.dbtools.crest.swingui.logical.TVRelation" oid="8550DA9C-F1FE-78B1-72B7-4169D73575B8" otype="Relation" vid_source="D6F7F442-FB40-9131-4513-FF23282E9B14" vid_target="D71D8963-BCCB-8713-E1F5-25303464EA41">
<hideElementsInCurrentOnly>false</hideElementsInCurrentOnly>
<backgroundColor>-16777216</backgroundColor>
<lineWidth>1</lineWidth>
<points>
<point x="674" y="375"/>
<point x="596" y="375"/>
</points>
</Connector>
<Connector class="oracle.dbtools.crest.swingui.logical.TVRelation" oid="859EB247-9EF3-DBF7-9014-E62337B4F95B" otype="Relation" vid_source="9B61C9DA-E476-4D38-02CC-A61B37492061" vid_target="F138AC58-6A10-C68D-B1BD-C86525A4018C">
<hideElementsInCurrentOnly>false</hideElementsInCurrentOnly>
<backgroundColor>-16777216</backgroundColor>
<lineWidth>1</lineWidth>
<points>
<point x="406" y="152"/>
<point x="1225" y="152"/>
</points>
</Connector>
<Connector class="oracle.dbtools.crest.swingui.logical.TVRelation" oid="94C6C4E5-4720-C82B-0D9C-D47685BB1D40" otype="Relation" vid_source="F138AC58-6A10-C68D-B1BD-C86525A4018C" vid_target="FF900351-D628-3B17-29D5-74533DC4A6C4">
<hideElementsInCurrentOnly>false</hideElementsInCurrentOnly>
<backgroundColor>-16777216</backgroundColor>
<lineWidth>1</lineWidth>
<points>
<point x="1225" y="380"/>
<point x="1080" y="380"/>
</points>
</Connector>
<Connector class="oracle.dbtools.crest.swingui.logical.TVRelation" oid="AEDA1077-E22D-B3CA-9367-2CB0614CE74C" otype="Relation" vid_source="D6F7F442-FB40-9131-4513-FF23282E9B14" vid_target="FF900351-D628-3B17-29D5-74533DC4A6C4">
<hideElementsInCurrentOnly>false</hideElementsInCurrentOnly>
<backgroundColor>-16777216</backgroundColor>
<lineWidth>1</lineWidth>
<points>
<point x="844" y="379"/>
<point x="910" y="379"/>
</points>
</Connector>
<Connector class="oracle.dbtools.crest.swingui.logical.TVRelation" oid="B0CAE370-B7C5-6E90-37CD-63B6CE96C74A" otype="Relation" vid_source="E96393E1-87DB-FCBB-38D1-95C019F0CC5D" vid_target="82651918-8B28-B24D-9E29-D8887BC72188">
<hideElementsInCurrentOnly>false</hideElementsInCurrentOnly>
<backgroundColor>-16777216</backgroundColor>
<lineWidth>1</lineWidth>
<points>
<point x="1604" y="714"/>
<point x="1440" y="714"/>
</points>
</Connector>
<Connector class="oracle.dbtools.crest.swingui.logical.TVRelation" oid="E131E830-F587-2842-A48F-5DCC3728524B" otype="Relation" vid_source="50B5A014-446F-C0B7-3EB1-AAB7C5523626" vid_target="6CE426D5-6F69-F49C-5287-2A14E619615F">
<hideElementsInCurrentOnly>false</hideElementsInCurrentOnly>
<backgroundColor>-16777216</backgroundColor>
<lineWidth>1</lineWidth>
<points>
<point x="684" y="688"/>
<point x="411" y="688"/>
</points>
</Connector>
<Connector class="oracle.dbtools.crest.swingui.logical.TVRelation" oid="ED41D9C0-F437-86F4-9DF5-9380F26DA15C" otype="Relation" vid_source="82651918-8B28-B24D-9E29-D8887BC72188" vid_target="50B5A014-446F-C0B7-3EB1-AAB7C5523626">
<hideElementsInCurrentOnly>false</hideElementsInCurrentOnly>
<backgroundColor>-16777216</backgroundColor>
<lineWidth>1</lineWidth>
<points>
<point x="1270" y="713"/>
<point x="854" y="713"/>
</points>
</Connector>
<Connector class="oracle.dbtools.crest.swingui.logical.TVRelation" oid="EFA6E077-6E37-783D-9A73-C6007D8250DF" otype="Relation" vid_source="6CE426D5-6F69-F49C-5287-2A14E619615F" vid_target="ABAA9FA2-B0DE-65BD-85B3-AF6B3EE93D29">
<hideElementsInCurrentOnly>false</hideElementsInCurrentOnly>
<backgroundColor>-16777216</backgroundColor>
<lineWidth>1</lineWidth>
<points>
<point x="297" y="633"/>
<point x="150" y="347"/>
</points>
</Connector>
<Connector class="oracle.dbtools.crest.swingui.logical.TVRelation" oid="F67FB4BB-2183-CE7E-5723-8DBE83BDD971" otype="Relation" vid_source="6CE426D5-6F69-F49C-5287-2A14E619615F" vid_target="9B61C9DA-E476-4D38-02CC-A61B37492061">
<hideElementsInCurrentOnly>false</hideElementsInCurrentOnly>
<backgroundColor>-16777216</backgroundColor>
<lineWidth>1</lineWidth>
<points>
<point x="323" y="633"/>
<point x="323" y="204"/>
</points>
</Connector>
<Connector class="oracle.dbtools.crest.swingui.logical.TVRelation" oid="FEC165AA-A3B8-8B61-8929-7A664519F1BA" otype="Relation" vid_source="6CE426D5-6F69-F49C-5287-2A14E619615F" vid_target="D71D8963-BCCB-8713-E1F5-25303464EA41">
<hideElementsInCurrentOnly>false</hideElementsInCurrentOnly>
<backgroundColor>-16777216</backgroundColor>
<lineWidth>1</lineWidth>
<points>
<point x="358" y="633"/>
<point x="478" y="430"/>
</points>
</Connector>
</connectors>
</Diagram>