<?xml version = '1.0' encoding = 'UTF-8'?>
<Relation class="oracle.dbtools.crest.model.design.logical.InheritanceRelation" name="Hierarchy_1" directorySegmentName="seg_0" id="F2641332-7E4F-B40D-FA84-E047AAE99939">
<createdBy>asus</createdBy>
<createdTime>2024-09-01 20:46:18 UTC</createdTime>
<ownerDesignName>Modelo de Barker</ownerDesignName>
<engineerTo>
<item key="8FCDEC73-76D7-BAE7-FA50-BC97FB51E21E" value="true"/>
</engineerTo>
<identifying>false</identifying>
<nameOnSource>Super Type</nameOnSource>
<nameOnTarget>Sub Type</nameOnTarget>
<optionalSource>true</optionalSource>
<optionalTarget>true</optionalTarget>
<sourceEntity>D17A5FFA-E262-CE4B-BAC3-E8E4E2049340</sourceEntity>
<targetEntity>59344FE0-639C-3E4F-1AD6-F5C5A686E35B</targetEntity>
<transferable>true</transferable>
<deleteRule>NO ACTION</deleteRule>
</Relation>