<?xml version = '1.0' encoding = 'UTF-8'?>
<Relation class="oracle.dbtools.crest.model.design.logical.Relation" name="Relation_7" directorySegmentName="seg_0" id="06034843-E31F-55CE-60E2-97B53B634A3F">
<createdBy>USER</createdBy>
<createdTime>2024-09-30 23:20:28 UTC</createdTime>
<ownerDesignName>Proyecto-Entrega2</ownerDesignName>
<engineerTo>
<item key="116CC136-D0B6-1183-38CE-8A1F493A5DE0" value="true"/>
</engineerTo>
<sourcePk>82F06246-B7CE-4097-607D-8E176F03ABE4</sourcePk>
<identifying>true</identifying>
<optionalSource>false</optionalSource>
<optionalTarget>false</optionalTarget>
<sourceCardinality>1</sourceCardinality>
<sourceEntity>9AC4B339-5E7B-499C-CD19-ED3368CE34DF</sourceEntity>
<targetCardinalityString>*</targetCardinalityString>
<targetEntity>EA5F7FAB-18D1-536B-6548-355E739F2130</targetEntity>
<transferable>true</transferable>
<deleteRule>NO ACTION</deleteRule>
</Relation>