<?xml version = '1.0' encoding = 'UTF-8'?>
<Relation class="oracle.dbtools.crest.model.design.logical.Relation" name="Relation_2" directorySegmentName="seg_0" id="47EB3393-4CDB-5DEA-163F-0824EE939A53">
<createdBy>USER</createdBy>
<createdTime>2024-09-30 23:14:24 UTC</createdTime>
<ownerDesignName>Proyecto-Entrega2</ownerDesignName>
<engineerTo>
<item key="116CC136-D0B6-1183-38CE-8A1F493A5DE0" value="true"/>
</engineerTo>
<sourcePk>B3E9EFB1-7B96-83F2-F50C-0CD36D2C4B80</sourcePk>
<targetPk>BEB22520-7C3D-900D-B317-47F38480C92F</targetPk>
<identifying>false</identifying>
<optionalSource>false</optionalSource>
<optionalTarget>false</optionalTarget>
<sourceCardinality>1</sourceCardinality>
<sourceEntity>CA52EC5E-0DB5-CFBD-47D1-230897AADC4A</sourceEntity>
<targetCardinalityString>*</targetCardinalityString>
<targetEntity>C38B5CE8-18D8-A772-7041-ED151DF17EC8</targetEntity>
<transferable>true</transferable>
<deleteRule>NO ACTION</deleteRule>
</Relation>