<?xml version = '1.0' encoding = 'UTF-8'?>
<Relation class="oracle.dbtools.crest.model.design.logical.Relation" name="Relation_1" directorySegmentName="seg_0" id="4D68BB95-CFC5-81FF-DC57-754875FD8E7E">
<createdBy>USER</createdBy>
<createdTime>2024-09-30 23:13:32 UTC</createdTime>
<ownerDesignName>Proyecto-Entrega2</ownerDesignName>
<engineerTo>
<item key="116CC136-D0B6-1183-38CE-8A1F493A5DE0" value="true"/>
</engineerTo>
<sourcePk>B3E9EFB1-7B96-83F2-F50C-0CD36D2C4B80</sourcePk>
<targetPk>787EC975-11FC-8D7C-183F-D389BE1F7C69</targetPk>
<identifying>false</identifying>
<optionalSource>false</optionalSource>
<optionalTarget>false</optionalTarget>
<sourceCardinality>*</sourceCardinality>
<sourceEntity>CA52EC5E-0DB5-CFBD-47D1-230897AADC4A</sourceEntity>
<targetCardinalityString>1</targetCardinalityString>
<targetEntity>C0CD2AB2-2138-1A27-52B5-97E880F9066E</targetEntity>
<transferable>true</transferable>
<deleteRule>NO ACTION</deleteRule>
</Relation>