<?xml version = '1.0' encoding = 'UTF-8'?>
<Relation class="oracle.dbtools.crest.model.design.logical.Relation" name="Relation_4" directorySegmentName="seg_0" id="5912BFC5-B868-EE4C-089F-44D47052F190">
<createdBy>USER</createdBy>
<createdTime>2024-09-30 23:17:05 UTC</createdTime>
<ownerDesignName>Proyecto-Entrega2</ownerDesignName>
<engineerTo>
<item key="116CC136-D0B6-1183-38CE-8A1F493A5DE0" value="true"/>
</engineerTo>
<sourcePk>4FF7D6FA-EF8C-577A-4167-142CC6D75974</sourcePk>
<targetPk>BA9DD9F0-31C5-5739-5FA6-EEEE0236AC53</targetPk>
<identifying>false</identifying>
<optionalSource>false</optionalSource>
<optionalTarget>true</optionalTarget>
<sourceCardinality>*</sourceCardinality>
<sourceEntity>7B85C1B5-6C7E-6A1F-74AA-75BEDC9AFC83</sourceEntity>
<targetCardinalityString>1</targetCardinalityString>
<targetEntity>6E4B124C-76EB-D511-1DC2-C477499A7DD2</targetEntity>
<transferable>true</transferable>
<deleteRule>NO ACTION</deleteRule>
</Relation>