<?xml version = '1.0' encoding = 'UTF-8'?>
<Relation class="oracle.dbtools.crest.model.design.logical.Relation" name="Relation_10" directorySegmentName="seg_0" id="5BBC1C63-6AD2-6A25-BAF4-3BF6B0E0B712">
<createdBy>USER</createdBy>
<createdTime>2024-09-30 23:21:12 UTC</createdTime>
<ownerDesignName>Proyecto-Entrega2</ownerDesignName>
<engineerTo>
<item key="116CC136-D0B6-1183-38CE-8A1F493A5DE0" value="true"/>
</engineerTo>
<sourcePk>4FF7D6FA-EF8C-577A-4167-142CC6D75974</sourcePk>
<identifying>true</identifying>
<optionalSource>false</optionalSource>
<optionalTarget>false</optionalTarget>
<sourceCardinality>1</sourceCardinality>
<sourceEntity>7B85C1B5-6C7E-6A1F-74AA-75BEDC9AFC83</sourceEntity>
<targetCardinalityString>*</targetCardinalityString>
<targetEntity>4C9DFD2B-FB81-1CA9-4377-B7443C656C2F</targetEntity>
<transferable>true</transferable>
<deleteRule>NO ACTION</deleteRule>
</Relation>