<?xml version = '1.0' encoding = 'UTF-8'?>
<Relation class="oracle.dbtools.crest.model.design.logical.Relation" name="Relation_8" directorySegmentName="seg_0" id="60AA70B8-51C9-BCF2-D247-6D66A0008D80">
<createdBy>USER</createdBy>
<createdTime>2024-09-30 23:20:37 UTC</createdTime>
<ownerDesignName>Proyecto-Entrega2</ownerDesignName>
<engineerTo>
<item key="116CC136-D0B6-1183-38CE-8A1F493A5DE0" value="true"/>
</engineerTo>
<sourcePk>4FF7D6FA-EF8C-577A-4167-142CC6D75974</sourcePk>
<identifying>true</identifying>
<optionalSource>false</optionalSource>
<optionalTarget>false</optionalTarget>
<sourceCardinality>1</sourceCardinality>
<sourceEntity>7B85C1B5-6C7E-6A1F-74AA-75BEDC9AFC83</sourceEntity>
<targetCardinalityString>*</targetCardinalityString>
<targetEntity>EA5F7FAB-18D1-536B-6548-355E739F2130</targetEntity>
<transferable>true</transferable>
<deleteRule>NO ACTION</deleteRule>
</Relation>