<?xml version = '1.0' encoding = 'UTF-8'?>
<Relation class="oracle.dbtools.crest.model.design.logical.Relation" name="Relation_15" directorySegmentName="seg_0" id="8550DA9C-F1FE-78B1-72B7-4169D73575B8">
<createdBy>USER</createdBy>
<createdTime>2024-09-30 23:23:27 UTC</createdTime>
<ownerDesignName>Proyecto-Entrega2</ownerDesignName>
<engineerTo>
<item key="116CC136-D0B6-1183-38CE-8A1F493A5DE0" value="true"/>
</engineerTo>
<sourcePk>BEB22520-7C3D-900D-B317-47F38480C92F</sourcePk>
<identifying>false</identifying>
<optionalSource>true</optionalSource>
<optionalTarget>false</optionalTarget>
<sourceCardinality>1</sourceCardinality>
<sourceEntity>C38B5CE8-18D8-A772-7041-ED151DF17EC8</sourceEntity>
<targetCardinalityString>*</targetCardinalityString>
<targetEntity>459AB30F-8BD8-0E91-6911-B3DCBC0E8101</targetEntity>
<transferable>true</transferable>
<deleteRule>NO ACTION</deleteRule>
</Relation>