<?xml version = '1.0' encoding = 'UTF-8'?>
<Relation class="oracle.dbtools.crest.model.design.logical.Relation" name="Relation_13" directorySegmentName="seg_0" id="859EB247-9EF3-DBF7-9014-E62337B4F95B">
<createdBy>USER</createdBy>
<createdTime>2024-09-30 23:22:26 UTC</createdTime>
<ownerDesignName>Proyecto-Entrega2</ownerDesignName>
<engineerTo>
<item key="116CC136-D0B6-1183-38CE-8A1F493A5DE0" value="true"/>
</engineerTo>
<identifying>false</identifying>
<optionalSource>false</optionalSource>
<optionalTarget>false</optionalTarget>
<sourceCardinality>*</sourceCardinality>
<sourceEntity>00C38CAA-703D-6216-1991-87CEEF322B73</sourceEntity>
<targetCardinalityString>*</targetCardinalityString>
<targetEntity>7B85C1B5-6C7E-6A1F-74AA-75BEDC9AFC83</targetEntity>
<transferable>true</transferable>
<deleteRule>NO ACTION</deleteRule>
</Relation>