<?xml version = '1.0' encoding = 'UTF-8'?>
<Relation class="oracle.dbtools.crest.model.design.logical.Relation" name="Relation_6" directorySegmentName="seg_0" id="94C6C4E5-4720-C82B-0D9C-D47685BB1D40">
<createdBy>USER</createdBy>
<createdTime>2024-09-30 23:19:47 UTC</createdTime>
<ownerDesignName>Proyecto-Entrega2</ownerDesignName>
<engineerTo>
<item key="116CC136-D0B6-1183-38CE-8A1F493A5DE0" value="true"/>
</engineerTo>
<sourcePk>4FF7D6FA-EF8C-577A-4167-142CC6D75974</sourcePk>
<identifying>true</identifying>
<optionalSource>false</optionalSource>
<optionalTarget>false</optionalTarget>
<sourceCardinality>1</sourceCardinality>
<sourceEntity>7B85C1B5-6C7E-6A1F-74AA-75BEDC9AFC83</sourceEntity>
<targetCardinalityString>*</targetCardinalityString>
<targetEntity>3F7CF090-284E-1AE0-ACA4-E40F89FF2682</targetEntity>
<transferable>true</transferable>
<deleteRule>NO ACTION</deleteRule>
</Relation>