<?xml version = '1.0' encoding = 'UTF-8'?>
<Relation class="oracle.dbtools.crest.model.design.logical.Relation" name="Relation_5" directorySegmentName="seg_0" id="AEDA1077-E22D-B3CA-9367-2CB0614CE74C">
<createdBy>USER</createdBy>
<createdTime>2024-09-30 23:19:37 UTC</createdTime>
<ownerDesignName>Proyecto-Entrega2</ownerDesignName>
<engineerTo>
<item key="116CC136-D0B6-1183-38CE-8A1F493A5DE0" value="true"/>
</engineerTo>
<sourcePk>BEB22520-7C3D-900D-B317-47F38480C92F</sourcePk>
<identifying>true</identifying>
<optionalSource>false</optionalSource>
<optionalTarget>false</optionalTarget>
<sourceCardinality>1</sourceCardinality>
<sourceEntity>C38B5CE8-18D8-A772-7041-ED151DF17EC8</sourceEntity>
<targetCardinalityString>*</targetCardinalityString>
<targetEntity>3F7CF090-284E-1AE0-ACA4-E40F89FF2682</targetEntity>
<transferable>true</transferable>
<deleteRule>NO ACTION</deleteRule>
</Relation>