<?xml version = '1.0' encoding = 'UTF-8'?>
<Relation class="oracle.dbtools.crest.model.design.logical.Relation" name="Relation_3" directorySegmentName="seg_0" id="B0CAE370-B7C5-6E90-37CD-63B6CE96C74A">
<createdBy>USER</createdBy>
<createdTime>2024-09-30 23:15:17 UTC</createdTime>
<ownerDesignName>Proyecto-Entrega2</ownerDesignName>
<engineerTo>
<item key="116CC136-D0B6-1183-38CE-8A1F493A5DE0" value="true"/>
</engineerTo>
<sourcePk>789C8319-7433-5A5D-EF05-4264E99CE2C8</sourcePk>
<identifying>false</identifying>
<optionalSource>true</optionalSource>
<optionalTarget>false</optionalTarget>
<sourceCardinality>1</sourceCardinality>
<sourceEntity>DAD2B0FC-D460-1A7F-3327-0372DDC928A1</sourceEntity>
<targetCardinalityString>*</targetCardinalityString>
<targetEntity>9AC4B339-5E7B-499C-CD19-ED3368CE34DF</targetEntity>
<transferable>true</transferable>
<deleteRule>NO ACTION</deleteRule>
</Relation>