<?xml version = '1.0' encoding = 'UTF-8'?>
<Relation class="oracle.dbtools.crest.model.design.logical.Relation" name="Relation_12" directorySegmentName="seg_0" id="E131E830-F587-2842-A48F-5DCC3728524B">
<createdBy>USER</createdBy>
<createdTime>2024-09-30 23:22:01 UTC</createdTime>
<ownerDesignName>Proyecto-Entrega2</ownerDesignName>
<engineerTo>
<item key="116CC136-D0B6-1183-38CE-8A1F493A5DE0" value="true"/>
</engineerTo>
<sourcePk>B3E9EFB1-7B96-83F2-F50C-0CD36D2C4B80</sourcePk>
<identifying>false</identifying>
<optionalSource>true</optionalSource>
<optionalTarget>false</optionalTarget>
<sourceCardinality>1</sourceCardinality>
<sourceEntity>CA52EC5E-0DB5-CFBD-47D1-230897AADC4A</sourceEntity>
<targetCardinalityString>*</targetCardinalityString>
<targetEntity>344C431D-E41B-9233-7F17-03E41F304840</targetEntity>
<transferable>true</transferable>
<deleteRule>NO ACTION</deleteRule>
</Relation>