<?xml version = '1.0' encoding = 'UTF-8'?>
<Relation class="oracle.dbtools.crest.model.design.logical.Relation" name="Relation_16" directorySegmentName="seg_0" id="ED41D9C0-F437-86F4-9DF5-9380F26DA15C">
<createdBy>USER</createdBy>
<createdTime>2024-09-30 23:30:00 UTC</createdTime>
<ownerDesignName>Proyecto-Entrega2</ownerDesignName>
<engineerTo>
<item key="116CC136-D0B6-1183-38CE-8A1F493A5DE0" value="true"/>
</engineerTo>
<sourcePk>82F06246-B7CE-4097-607D-8E176F03ABE4</sourcePk>
<targetPk>B3E9EFB1-7B96-83F2-F50C-0CD36D2C4B80</targetPk>
<identifying>false</identifying>
<optionalSource>false</optionalSource>
<optionalTarget>true</optionalTarget>
<sourceCardinality>*</sourceCardinality>
<sourceEntity>9AC4B339-5E7B-499C-CD19-ED3368CE34DF</sourceEntity>
<targetCardinalityString>1</targetCardinalityString>
<targetEntity>CA52EC5E-0DB5-CFBD-47D1-230897AADC4A</targetEntity>
<transferable>true</transferable>
<deleteRule>NO ACTION</deleteRule>
</Relation>