<?xml version = '1.0' encoding = 'UTF-8'?>
<Relation class="oracle.dbtools.crest.model.design.logical.Relation" name="Relation_9" directorySegmentName="seg_0" id="EFA6E077-6E37-783D-9A73-C6007D8250DF">
<createdBy>USER</createdBy>
<createdTime>2024-09-30 23:21:04 UTC</createdTime>
<ownerDesignName>Proyecto-Entrega2</ownerDesignName>
<engineerTo>
<item key="116CC136-D0B6-1183-38CE-8A1F493A5DE0" value="true"/>
</engineerTo>
<sourcePk>BDC1BB61-3EE2-B480-848F-87106678E834</sourcePk>
<identifying>true</identifying>
<optionalSource>false</optionalSource>
<optionalTarget>false</optionalTarget>
<sourceCardinality>1</sourceCardinality>
<sourceEntity>344C431D-E41B-9233-7F17-03E41F304840</sourceEntity>
<targetCardinalityString>*</targetCardinalityString>
<targetEntity>4C9DFD2B-FB81-1CA9-4377-B7443C656C2F</targetEntity>
<transferable>true</transferable>
<deleteRule>NO ACTION</deleteRule>
</Relation>