<?xml version = '1.0' encoding = 'UTF-8'?>
<Relation class="oracle.dbtools.crest.model.design.logical.Relation" name="Relation_11" directorySegmentName="seg_0" id="F67FB4BB-2183-CE7E-5723-8DBE83BDD971">
<createdBy>USER</createdBy>
<createdTime>2024-09-30 23:21:25 UTC</createdTime>
<ownerDesignName>Proyecto-Entrega2</ownerDesignName>
<engineerTo>
<item key="116CC136-D0B6-1183-38CE-8A1F493A5DE0" value="true"/>
</engineerTo>
<sourcePk>BDC1BB61-3EE2-B480-848F-87106678E834</sourcePk>
<targetPk>354CD752-0C65-4E92-CD3A-67D6BC5EF56C</targetPk>
<identifying>false</identifying>
<optionalSource>false</optionalSource>
<optionalTarget>true</optionalTarget>
<sourceCardinality>*</sourceCardinality>
<sourceEntity>344C431D-E41B-9233-7F17-03E41F304840</sourceEntity>
<targetCardinalityString>1</targetCardinalityString>
<targetEntity>00C38CAA-703D-6216-1991-87CEEF322B73</targetEntity>
<transferable>true</transferable>
<deleteRule>NO ACTION</deleteRule>
</Relation>