<?xml version = '1.0' encoding = 'UTF-8'?>
<Relation class="oracle.dbtools.crest.model.design.logical.Relation" name="Relation_14" directorySegmentName="seg_0" id="FEC165AA-A3B8-8B61-8929-7A664519F1BA">
<createdBy>USER</createdBy>
<createdTime>2024-09-30 23:23:08 UTC</createdTime>
<ownerDesignName>Proyecto-Entrega2</ownerDesignName>
<engineerTo>
<item key="116CC136-D0B6-1183-38CE-8A1F493A5DE0" value="true"/>
</engineerTo>
<sourcePk>BDC1BB61-3EE2-B480-848F-87106678E834</sourcePk>
<identifying>false</identifying>
<optionalSource>true</optionalSource>
<optionalTarget>false</optionalTarget>
<sourceCardinality>1</sourceCardinality>
<sourceEntity>344C431D-E41B-9233-7F17-03E41F304840</sourceEntity>
<targetCardinalityString>1</targetCardinalityString>
<targetEntity>459AB30F-8BD8-0E91-6911-B3DCBC0E8101</targetEntity>
<transferable>true</transferable>
<deleteRule>NO ACTION</deleteRule>
</Relation>